,C01,C02,C03,C04,C05,T01,T02,T03,T04,T05
gene_00001,30,42,15,27,9,13,12,18,28,26
gene_00002,30,31,8,9,22,14,20,41,28,44
gene_00003,24,10,22,17,9,13,19,12,14,26
gene_00004,8,17,7,6,15,14,5,13,5,9
gene_00005,22,25,12,11,18,44,28,44,54,106
gene_00006,15,10,3,11,7,51,26,45,53,68
gene_00007,36,17,14,9,24,19,33,23,14,26
gene_00008,115,142,57,69,53,112,50,100,124,97
gene_00009,11,20,6,11,13,9,11,14,15,13
gene_00010,10,8,3,13,30,6,9,16,6,24
gene_00011,49,51,17,42,27,31,11,34,34,45
gene_00012,72,36,10,25,44,31,26,6,59,25
gene_00013,12,29,16,30,22,9,27,25,30,29
gene_00014,8,3,8,9,5,7,3,9,8,9
gene_00015,28,34,12,14,22,23,24,13,30,12
gene_00016,56,90,38,40,34,90,61,51,53,47
gene_00017,12,7,5,3,4,8,4,15,6,8
gene_00018,16,37,20,13,18,13,15,11,23,14
gene_00019,10,7,4,0,4,2,1,7,3,7
gene_00020,13,9,4,1,6,9,2,8,5,5
gene_00021,9,1,2,2,9,2,1,2,2,3
gene_00022,26,10,13,18,19,14,13,29,23,13
gene_00023,7,9,10,4,7,2,3,11,2,13
gene_00024,37,40,7,15,44,33,16,38,23,14
gene_00025,45,41,37,36,30,24,17,29,32,20
gene_00026,19,19,20,24,8,13,19,18,15,23
gene_00027,2,2,0,2,3,3,1,4,1,3
gene_00028,32,26,15,13,15,6,13,15,6,12
gene_00029,21,28,11,22,27,22,14,27,29,51
gene_00030,37,33,21,15,11,11,9,13,14,10
gene_00031,9,5,2,6,4,7,1,9,7,8
gene_00032,20,13,6,15,9,8,5,25,10,13
gene_00033,11,7,5,5,4,10,9,6,12,13
gene_00034,12,6,19,9,21,16,6,5,11,9
gene_00035,106,71,66,31,79,152,231,495,428,578
gene_00036,18,13,5,17,16,11,8,9,21,8
gene_00037,38,28,12,15,26,8,7,5,4,7
gene_00038,56,63,43,46,66,35,28,77,52,86
gene_00039,17,21,9,8,6,5,15,5,17,12
gene_00040,28,28,15,19,19,54,41,74,39,27
gene_00041,41,23,28,37,16,23,29,12,21,31
gene_00042,37,39,17,23,31,20,9,32,21,18
gene_00043,11,4,4,2,5,1,0,4,9,9
gene_00044,32,41,7,20,20,84,50,98,83,82
gene_00045,149,125,44,58,172,85,38,151,69,133
gene_00046,12,15,1,0,5,5,11,6,4,6
gene_00047,95,62,23,33,47,59,43,98,68,90
gene_00048,49,40,24,20,19,15,16,11,27,52
gene_00049,5,17,11,12,16,18,6,16,13,5
gene_00050,196,364,153,155,112,771,487,1346,728,2329
gene_00051,61,48,34,45,19,35,53,31,80,51
gene_00052,18,10,3,4,1,5,7,11,6,10
gene_00053,28,22,13,15,26,30,21,36,17,31
gene_00054,45,65,30,32,55,32,22,88,39,29
gene_00055,46,14,17,30,18,28,7,31,19,28
gene_00056,26,39,25,43,49,55,20,40,56,57
gene_00057,22,20,11,22,16,19,13,42,11,24
gene_00058,29,56,33,43,38,34,42,59,64,42
gene_00059,168,120,37,97,105,60,46,127,70,69
gene_00060,27,6,8,11,11,11,7,20,11,12
gene_00061,31,25,21,27,20,12,20,18,21,34
gene_00062,27,16,8,0,17,4,5,3,10,8
gene_00063,46,19,12,21,28,14,15,32,18,17
gene_00064,4,10,3,11,8,5,5,11,6,8
gene_00065,8,12,12,12,15,9,11,16,5,10
gene_00066,28,17,13,14,24,12,28,14,42,23
gene_00067,41,57,44,56,50,49,31,44,63,73
gene_00068,80,101,47,72,73,78,52,76,78,59
gene_00069,10,4,3,4,5,2,7,2,5,12
gene_00070,17,14,4,6,4,10,9,11,18,6
gene_00071,38,64,7,53,23,138,225,72,115,70
gene_00072,1,2,1,0,4,5,1,1,4,4
gene_00073,25,17,6,10,21,9,15,19,16,13
gene_00074,15,39,33,17,18,27,10,44,23,33
gene_00075,66,34,46,74,72,37,57,78,58,86
gene_00076,48,29,30,31,48,26,36,31,29,93
gene_00077,32,18,26,5,7,7,4,11,9,7
gene_00078,19,23,5,10,26,10,10,23,14,26
gene_00079,20,18,15,20,7,11,5,20,22,18
gene_00080,118,108,76,63,77,127,92,145,103,171
gene_00081,12,9,10,10,10,16,12,17,25,14
gene_00082,18,9,6,15,22,25,7,33,25,19
gene_00083,69,25,21,23,57,15,39,27,28,27
gene_00084,47,9,21,8,23,36,24,13,10,16
gene_00085,27,21,18,17,16,18,16,17,11,39
gene_00086,9,6,4,10,7,5,9,6,6,9
gene_00087,31,40,8,18,12,23,17,29,17,20
gene_00088,36,12,5,3,11,28,11,29,13,23
gene_00089,79,81,39,60,94,185,114,229,233,317
gene_00090,75,57,41,32,58,29,32,22,20,40
gene_00091,42,36,12,15,25,16,22,32,15,28
gene_00092,82,73,31,18,36,36,34,85,48,49
gene_00093,31,25,7,8,15,10,15,12,10,19
gene_00094,62,64,51,50,47,31,66,75,57,78
gene_00095,37,38,29,41,33,13,9,26,17,33
gene_00096,64,25,58,59,57,23,33,49,55,44
gene_00097,9,11,2,6,8,3,5,12,13,1
gene_00098,27,61,18,20,17,30,25,46,42,42
gene_00099,3,4,3,1,5,1,0,5,0,2
gene_00100,1,4,4,6,8,2,0,1,0,1
gene_00101,22,23,17,17,16,16,11,23,34,21
gene_00102,8,13,3,14,4,9,4,5,15,19
gene_00103,37,38,21,36,23,26,7,35,48,16
gene_00104,203,261,264,186,206,212,154,188,308,329
gene_00105,15,9,9,6,8,11,9,9,11,16
gene_00106,15,9,18,11,7,8,9,15,10,17
gene_00107,44,28,12,19,23,18,23,49,28,23
gene_00108,69,71,23,33,44,26,29,44,22,96
gene_00109,27,29,14,37,15,14,17,16,29,28
gene_00110,17,24,20,15,34,29,13,6,18,12
gene_00111,51,72,44,39,41,24,32,82,59,20
gene_00112,49,50,28,47,51,38,47,31,32,60
gene_00113,3,7,5,7,8,2,7,4,9,4
gene_00114,15,24,13,10,22,17,18,12,6,42
gene_00115,21,27,16,20,28,6,32,36,25,16
gene_00116,12,22,7,2,7,11,4,15,5,10
gene_00117,59,22,28,9,29,14,7,21,23,31
gene_00118,11,14,6,16,18,10,1,5,8,12
gene_00119,51,59,51,39,55,50,29,91,80,66
gene_00120,64,24,34,27,30,20,29,28,19,23
gene_00121,36,26,8,12,46,30,24,44,21,23
gene_00122,24,13,13,10,6,15,2,17,7,24
gene_00123,29,41,25,14,24,21,11,19,17,17
gene_00124,2,6,1,1,2,4,2,5,0,1
gene_00125,11,3,5,12,7,5,4,13,12,5
gene_00126,29,52,22,32,43,47,41,45,42,52
gene_00127,2,2,3,1,1,5,0,5,1,2
gene_00128,80,51,47,34,42,223,168,230,281,188
gene_00129,7,1,1,4,4,2,0,1,0,0
gene_00130,67,54,19,31,62,31,45,53,50,64
gene_00131,9,8,1,11,7,12,11,14,14,4
gene_00132,107,77,38,23,82,22,39,69,75,74
gene_00133,37,43,17,18,9,28,16,27,25,15
gene_00134,15,8,2,5,2,3,3,6,5,6
gene_00135,50,83,86,69,121,85,96,113,88,42
gene_00136,70,130,95,40,93,86,108,138,122,98
gene_00137,34,8,10,9,17,3,21,33,14,25
gene_00138,14,15,14,11,17,6,18,21,17,27
gene_00139,24,20,5,12,20,6,8,29,6,18
gene_00140,13,7,5,6,10,10,9,14,5,13
gene_00141,60,91,47,49,51,32,77,72,86,59
gene_00142,17,15,8,2,12,3,14,28,27,12
gene_00143,19,9,17,28,23,21,14,13,14,27
gene_00144,6,13,5,11,4,21,10,26,14,16
gene_00145,14,14,5,15,8,7,7,16,12,17
gene_00146,6,8,3,6,2,4,3,13,10,9
gene_00147,163,119,48,78,49,58,133,94,41,92
gene_00148,32,11,6,10,14,13,12,38,17,19
gene_00149,136,72,32,86,44,50,61,35,30,75
gene_00150,25,18,14,17,27,21,9,47,43,7
gene_00151,19,11,9,8,9,16,9,14,9,6
gene_00152,15,16,10,8,14,7,4,18,24,32
gene_00153,17,17,8,17,16,9,13,25,10,23
gene_00154,20,17,19,15,31,22,25,16,16,39
gene_00155,18,14,11,10,5,17,5,20,13,18
gene_00156,18,36,13,20,13,14,19,17,19,20
gene_00157,2,10,2,5,7,3,7,5,12,7
gene_00158,13,11,2,15,6,4,9,17,10,22
gene_00159,95,121,103,91,82,107,93,164,106,132
gene_00160,8,8,12,11,8,7,11,8,9,22
gene_00161,8,9,6,4,11,1,1,0,7,14
gene_00162,28,45,19,36,53,27,14,24,21,23
gene_00163,85,138,39,36,83,81,32,110,74,99
gene_00164,3,8,5,9,4,5,3,9,3,5
gene_00165,16,53,17,19,13,12,12,18,12,20
gene_00166,20,5,8,8,7,8,7,8,25,25
gene_00167,3,5,1,8,4,5,2,7,2,5
gene_00168,35,36,42,12,43,50,64,68,51,55
gene_00169,33,32,21,32,15,15,27,26,10,23
gene_00170,22,26,24,14,31,30,8,23,26,19
gene_00171,11,15,11,3,9,6,4,17,9,8
gene_00172,84,61,24,36,28,32,22,21,21,63
gene_00173,18,22,9,6,11,1,15,17,11,12
gene_00174,23,24,11,22,14,17,8,7,31,14
gene_00175,8,8,9,6,6,4,3,8,3,5
gene_00176,9,8,10,6,3,5,4,19,8,9
gene_00177,100,109,74,86,89,92,67,160,117,101
gene_00178,10,16,10,9,23,11,11,13,11,17
gene_00179,36,24,10,17,49,30,22,35,25,22
gene_00180,27,35,11,11,22,17,14,16,15,10
gene_00181,13,12,7,9,8,4,12,23,7,21
gene_00182,16,20,6,5,21,14,10,14,19,13
gene_00183,44,36,44,37,44,31,37,48,26,21
gene_00184,27,14,16,15,21,29,9,10,13,13
gene_00185,22,26,6,19,12,28,5,32,10,26
gene_00186,24,24,26,28,16,13,21,35,24,64
gene_00187,147,163,61,77,60,28,81,111,73,37
gene_00188,42,46,16,48,25,71,37,40,35,34
gene_00189,39,33,21,11,24,69,23,44,42,55
gene_00190,17,14,8,11,13,12,4,9,9,12
gene_00191,12,6,4,0,6,2,3,3,2,7
gene_00192,109,65,58,32,56,55,69,55,86,70
gene_00193,41,90,43,66,28,51,46,93,53,38
gene_00194,26,17,19,9,20,19,13,19,9,21
gene_00195,25,55,23,40,26,31,40,75,46,62
gene_00196,79,42,41,54,63,11,9,21,8,17
gene_00197,43,60,32,21,55,67,30,73,57,64
gene_00198,49,38,46,35,17,56,46,109,52,84
gene_00199,15,12,18,9,11,58,36,80,53,33
gene_00200,107,110,40,62,97,131,94,197,143,125
gene_00201,7,13,1,3,8,12,1,8,6,2
gene_00202,94,65,51,65,28,51,75,106,73,71
gene_00203,46,40,14,14,57,53,21,58,38,50
gene_00204,60,57,46,77,40,70,75,104,48,91
gene_00205,225,194,58,183,219,107,83,129,83,52
gene_00206,80,49,59,40,85,68,86,158,90,128
gene_00207,5,9,5,5,10,8,1,6,11,7
gene_00208,4,5,1,2,6,3,7,6,1,3
gene_00209,75,85,53,45,30,35,59,67,54,34
gene_00210,8,11,6,9,8,11,6,10,7,17
gene_00211,33,30,17,13,14,21,17,6,17,29
gene_00212,137,76,49,54,48,73,48,51,47,55
gene_00213,6,3,4,4,2,9,2,21,7,6
gene_00214,4,3,5,1,3,2,0,6,1,6
gene_00215,31,76,20,23,34,76,39,128,105,70
gene_00216,45,21,7,17,31,21,12,31,13,25
gene_00217,14,17,10,33,20,7,9,12,7,7
gene_00218,12,19,10,16,35,29,18,53,16,31
gene_00219,9,12,5,7,7,11,15,13,8,12
gene_00220,7,7,3,7,8,7,1,6,6,5
gene_00221,15,23,10,9,25,6,19,19,22,32
gene_00222,6,9,4,13,9,3,6,11,9,3
gene_00223,8,4,1,1,12,1,0,0,1,1
gene_00224,50,48,28,36,57,32,25,48,30,33
gene_00225,23,44,30,21,15,10,18,34,17,18
gene_00226,35,36,18,21,31,17,12,88,41,37
gene_00227,15,10,4,9,10,10,4,8,5,10
gene_00228,14,25,3,7,5,7,6,7,6,7
gene_00229,12,12,1,10,7,8,4,7,9,6
gene_00230,14,20,7,6,3,9,12,8,10,23
gene_00231,31,40,22,32,21,30,21,23,11,13
gene_00232,14,14,6,4,9,13,13,19,15,19
gene_00233,57,61,10,27,42,28,19,68,28,39
gene_00234,21,9,20,28,31,109,56,168,212,217
gene_00235,339,114,106,109,89,127,55,232,177,238
gene_00236,11,7,3,10,8,4,8,9,6,9
gene_00237,55,71,46,59,48,213,301,412,311,413
gene_00238,24,22,6,18,34,17,18,17,21,22
gene_00239,43,23,9,16,36,9,23,13,11,21
gene_00240,5,5,5,4,8,6,4,8,4,5
gene_00241,19,15,9,13,22,14,7,26,10,22
gene_00242,61,46,31,54,21,29,49,38,36,63
gene_00243,18,15,15,17,28,14,19,34,19,41
gene_00244,25,12,19,22,9,175,51,146,105,240
gene_00245,20,15,8,14,8,13,17,27,6,37
gene_00246,49,105,97,57,96,61,52,86,85,96
gene_00247,45,12,7,18,27,37,27,16,36,21
gene_00248,4,3,3,0,2,2,4,4,1,1
gene_00249,13,12,8,8,17,9,16,7,4,17
gene_00250,6,1,4,6,3,1,1,2,1,5
gene_00251,1,1,0,0,1,0,0,0,1,2
gene_00252,13,7,4,8,16,16,15,7,22,7
gene_00253,70,64,55,58,61,40,66,97,71,84
gene_00254,30,32,27,22,22,22,25,24,9,35
gene_00255,7,12,3,6,8,6,8,13,4,8
gene_00256,5,12,13,7,14,17,12,10,5,3
gene_00257,96,92,68,59,108,53,50,63,79,98
gene_00258,36,20,18,35,21,16,19,27,19,45
gene_00259,30,14,9,23,22,31,20,36,21,19
gene_00260,11,31,18,8,13,10,14,6,28,17
gene_00261,22,33,27,30,21,15,12,34,14,40
gene_00262,69,84,28,28,68,44,47,44,32,80
gene_00263,49,40,18,42,31,42,7,42,38,43
gene_00264,21,43,25,22,22,23,24,49,23,39
gene_00265,13,6,7,8,11,10,2,9,10,6
gene_00266,70,8,61,31,42,11,30,78,24,40
gene_00267,11,19,7,10,6,5,6,12,11,12
gene_00268,90,58,58,59,58,37,49,77,43,64
gene_00269,12,20,7,4,4,2,3,4,6,3
gene_00270,22,22,7,18,24,42,68,94,47,67
gene_00271,24,22,16,12,20,14,29,15,20,43
gene_00272,7,8,3,4,5,5,1,3,5,6
gene_00273,118,142,40,112,178,96,127,120,133,271
gene_00274,47,76,67,40,60,70,95,97,92,117
gene_00275,12,9,22,17,11,18,19,16,11,15
gene_00276,47,44,24,60,65,31,47,53,45,68
gene_00277,43,50,31,28,26,25,8,38,33,45
gene_00278,2,2,0,1,1,0,3,3,3,3
gene_00279,21,32,12,31,42,13,35,33,26,52
gene_00280,28,29,14,16,15,13,16,30,23,18
gene_00281,50,28,13,31,29,12,11,44,12,35
gene_00282,17,8,4,8,8,15,25,2,15,18
gene_00283,16,24,13,12,9,9,10,16,6,11
gene_00284,33,11,10,7,20,16,15,29,20,27
gene_00285,145,92,41,67,84,34,56,82,80,233
gene_00286,52,43,32,24,40,31,35,36,13,36
gene_00287,25,25,17,16,24,28,15,40,19,22
gene_00288,230,127,71,125,80,129,85,188,112,92
gene_00289,7,9,4,14,5,6,10,21,6,15
gene_00290,15,30,4,8,9,13,12,14,15,14
gene_00291,2,3,3,8,3,0,0,1,1,3
gene_00292,128,135,85,95,95,19,38,32,15,44
gene_00293,80,106,52,65,39,64,43,105,37,105
gene_00294,82,67,62,55,96,80,46,88,67,48
gene_00295,45,77,37,43,38,40,22,65,23,83
gene_00296,21,37,14,20,21,21,12,43,22,28
gene_00297,35,19,15,33,37,22,26,31,61,36
gene_00298,6,19,10,13,11,21,21,34,22,18
gene_00299,41,16,13,16,8,19,15,22,12,29
gene_00300,19,17,15,22,23,23,16,46,13,35
gene_00301,148,60,90,81,133,33,50,37,23,66
gene_00302,31,47,20,19,45,15,10,20,23,17
gene_00303,24,17,19,16,23,25,21,32,26,17
gene_00304,16,7,12,9,8,13,6,11,7,10
gene_00305,26,16,6,9,13,13,10,20,10,15
gene_00306,150,117,80,79,114,65,65,107,118,101
gene_00307,34,64,24,48,18,33,40,34,27,42
gene_00308,13,20,35,44,18,19,12,43,21,16
gene_00309,27,38,17,16,30,12,6,26,21,18
gene_00310,11,7,7,3,5,3,0,2,2,4
gene_00311,20,38,21,7,30,19,16,23,21,21
gene_00312,83,53,23,46,100,56,30,94,57,49
gene_00313,29,34,7,18,21,6,9,20,10,15
gene_00314,17,13,9,15,20,19,18,21,24,21
gene_00315,24,29,15,16,21,21,12,25,11,26
gene_00316,14,25,12,22,24,21,20,59,14,23
gene_00317,9,3,5,2,8,3,2,13,8,2
gene_00318,24,20,17,23,17,11,12,28,11,14
gene_00319,10,9,2,9,17,7,8,15,8,19
gene_00320,56,67,31,59,84,64,33,43,55,80
gene_00321,12,13,11,10,5,14,5,15,5,14
gene_00322,33,36,38,25,13,15,22,72,33,43
gene_00323,115,197,78,64,107,92,131,144,65,127
gene_00324,38,14,16,10,15,14,22,24,12,11
gene_00325,14,9,7,7,17,10,11,23,7,7
gene_00326,37,32,17,38,33,11,25,41,33,31
gene_00327,23,53,18,17,38,22,19,26,22,58
gene_00328,20,7,10,9,6,6,9,15,15,10
gene_00329,49,25,20,20,19,66,27,56,26,32
gene_00330,137,257,90,149,113,105,116,104,193,161
gene_00331,39,25,16,19,7,9,16,22,21,19
gene_00332,41,17,13,11,17,18,21,35,16,24
gene_00333,6,13,6,2,9,22,39,68,64,57
gene_00334,48,33,27,34,20,75,156,263,154,147
gene_00335,7,4,10,7,8,11,7,5,4,6
gene_00336,8,8,4,9,10,3,7,13,6,9
gene_00337,116,69,129,38,73,176,89,184,174,132
gene_00338,11,9,5,5,4,8,10,7,5,13
gene_00339,81,56,54,24,73,23,41,104,96,74
gene_00340,88,154,61,97,88,51,98,126,107,84
gene_00341,42,20,14,29,38,14,29,67,48,58
gene_00342,50,33,34,38,39,35,38,58,39,40
gene_00343,194,76,86,90,121,79,128,145,75,144
gene_00344,33,28,12,22,19,30,14,24,17,29
gene_00345,14,18,8,4,14,10,11,12,18,6
gene_00346,3,10,5,4,5,7,6,7,14,6
gene_00347,30,29,21,17,22,31,19,39,36,26
gene_00348,240,30,59,74,140,83,94,124,80,108
gene_00349,129,63,46,57,47,50,80,91,80,100
gene_00350,13,11,17,14,7,3,6,24,6,10
gene_00351,14,13,11,7,20,17,7,2,14,12
gene_00352,23,8,13,9,17,18,9,21,14,17
gene_00353,27,31,12,16,32,30,18,11,41,55
gene_00354,30,27,20,12,7,21,12,19,15,49
gene_00355,43,51,23,17,28,81,38,110,96,77
gene_00356,32,20,22,11,18,43,22,48,35,44
gene_00357,14,15,9,12,18,10,19,19,24,24
gene_00358,36,31,10,11,22,10,18,44,30,29
gene_00359,29,38,18,12,20,15,32,24,39,38
gene_00360,27,32,20,27,31,27,9,27,21,20
gene_00361,40,68,36,39,47,40,32,58,32,41
gene_00362,198,276,117,117,77,111,106,152,165,159
gene_00363,33,92,32,30,43,28,46,28,44,35
gene_00364,28,20,6,24,12,25,32,36,35,31
gene_00365,3,6,2,2,11,3,2,5,1,5
gene_00366,33,41,19,31,22,28,18,50,43,23
gene_00367,2,4,1,3,2,3,1,3,6,0
gene_00368,14,8,3,5,6,4,4,4,0,2
gene_00369,157,63,49,41,50,21,6,26,12,21
gene_00370,51,73,53,22,32,35,40,97,31,21
gene_00371,28,24,9,12,12,28,11,45,5,37
gene_00372,3,5,2,4,6,2,3,4,4,3
gene_00373,20,8,6,14,20,10,12,15,7,14
gene_00374,23,23,5,10,8,17,14,6,9,7
gene_00375,49,59,52,53,33,21,46,71,52,53
gene_00376,218,239,202,355,87,124,73,324,261,143
gene_00377,35,40,27,27,16,39,21,42,18,71
gene_00378,17,15,8,14,17,12,8,10,14,4
gene_00379,7,11,7,8,3,4,13,15,5,7
gene_00380,24,35,9,23,18,26,4,31,25,20
gene_00381,23,17,17,17,28,18,15,13,23,10
gene_00382,4,5,4,6,3,5,3,3,8,12
gene_00383,50,27,13,19,28,39,53,41,60,58
gene_00384,8,12,7,10,9,2,7,15,11,11
gene_00385,89,55,27,55,82,59,30,103,65,80
gene_00386,97,92,18,64,46,24,42,102,89,54
gene_00387,79,66,71,42,38,92,56,74,44,57
gene_00388,26,12,13,18,9,1,3,1,4,8
gene_00389,49,63,31,57,34,14,11,20,12,11
gene_00390,27,23,12,25,20,35,26,26,27,44
gene_00391,28,10,2,19,3,9,10,25,14,23
gene_00392,22,20,14,13,32,2,6,1,3,3
gene_00393,5,9,2,5,5,11,3,16,3,8
gene_00394,1,11,0,11,8,2,8,8,3,7
gene_00395,59,56,37,65,53,41,23,19,91,62
gene_00396,26,25,17,13,17,30,12,10,11,33
gene_00397,31,33,28,16,28,22,37,10,23,28
gene_00398,94,71,40,93,46,65,25,111,36,29
gene_00399,4,6,2,7,6,7,6,5,3,5
gene_00400,26,11,2,6,11,6,7,10,15,7
gene_00401,32,33,13,13,41,95,75,154,67,49
gene_00402,25,32,29,39,38,35,28,30,47,29
gene_00403,26,24,15,12,23,7,7,24,18,19
gene_00404,135,59,59,82,58,62,31,154,50,113
gene_00405,21,48,21,11,37,18,12,34,19,36
gene_00406,13,6,6,8,7,7,3,7,9,9
gene_00407,13,12,7,12,2,12,9,20,10,17
gene_00408,111,67,24,64,100,51,42,111,58,79
gene_00409,42,23,29,35,21,41,42,51,46,31
gene_00410,4,2,1,2,3,1,2,4,4,2
gene_00411,109,107,81,35,122,68,92,88,70,94
gene_00412,59,72,30,25,65,45,34,49,20,45
gene_00413,77,105,25,115,79,141,76,117,67,102
gene_00414,12,24,10,12,6,15,8,31,24,12
gene_00415,28,7,13,12,6,13,12,17,22,20
gene_00416,5,4,4,9,5,10,7,13,7,14
gene_00417,370,154,192,302,180,419,193,573,269,326
gene_00418,32,21,14,17,23,15,18,51,25,20
gene_00419,95,110,85,135,109,251,179,320,90,355
gene_00420,11,10,11,5,9,5,10,5,9,11
gene_00421,54,30,21,12,14,17,12,52,34,36
gene_00422,7,7,1,4,2,5,4,9,3,7
gene_00423,10,23,9,13,15,22,14,33,12,14
gene_00424,39,95,66,68,70,59,54,79,75,56
gene_00425,7,5,3,3,5,3,1,8,2,2
gene_00426,80,25,41,27,89,29,39,63,64,31
gene_00427,19,44,8,24,50,133,72,137,67,127
gene_00428,22,9,8,6,11,5,3,2,12,5
gene_00429,17,13,3,7,10,9,16,17,16,13
gene_00430,13,17,11,16,11,3,1,12,9,10
gene_00431,40,25,13,15,24,13,24,31,21,31
gene_00432,26,30,5,25,14,6,19,28,5,13
gene_00433,13,10,3,4,10,17,8,10,4,16
gene_00434,21,20,27,11,10,17,13,26,15,23
gene_00435,10,7,5,5,6,8,4,7,12,3
gene_00436,14,2,3,8,3,4,4,11,6,5
gene_00437,20,20,14,16,26,19,23,21,8,40
gene_00438,110,87,29,31,30,50,55,47,22,107
gene_00439,3,8,5,2,2,5,6,1,12,4
gene_00440,40,21,16,22,24,24,15,34,16,34
gene_00441,18,19,12,9,10,6,22,20,12,18
gene_00442,12,18,1,6,8,9,2,9,10,18
gene_00443,87,74,25,40,33,55,37,66,27,49
gene_00444,24,31,3,9,16,18,8,17,11,17
gene_00445,63,120,54,102,118,84,56,175,131,241
gene_00446,9,18,5,11,7,3,7,24,17,16
gene_00447,63,40,35,33,22,5,9,8,11,21
gene_00448,32,36,10,12,14,15,17,23,14,16
gene_00449,16,17,4,9,16,12,9,9,5,16
gene_00450,76,51,46,40,60,32,22,55,63,53
gene_00451,24,18,13,18,15,11,10,10,15,31
gene_00452,29,43,28,22,38,27,19,51,17,35
gene_00453,23,31,12,18,14,16,12,52,23,33
gene_00454,6,10,7,11,7,8,10,5,4,9
gene_00455,18,25,15,6,14,18,18,21,18,20
gene_00456,23,20,9,24,23,11,18,18,20,20
gene_00457,70,81,54,73,43,35,36,82,38,103
gene_00458,11,12,6,2,9,10,12,22,8,11
gene_00459,50,25,14,22,30,12,15,15,17,10
gene_00460,7,4,0,1,1,0,0,0,0,1
gene_00461,51,49,37,32,63,65,24,60,59,41
gene_00462,6,5,3,4,18,15,11,49,24,27
gene_00463,3,7,4,5,4,10,9,16,8,9
gene_00464,25,11,10,17,22,14,11,20,25,12
gene_00465,75,99,16,49,32,93,179,214,195,200
gene_00466,7,1,5,5,6,0,6,4,3,5
gene_00467,13,5,1,3,4,13,13,23,13,12
gene_00468,13,15,3,3,10,7,11,13,12,8
gene_00469,8,12,2,5,8,6,7,14,3,7
gene_00470,25,30,14,39,32,21,35,42,43,32
gene_00471,16,22,7,14,7,6,9,17,9,21
gene_00472,21,16,10,24,6,9,3,26,14,17
gene_00473,49,32,50,27,65,37,51,52,21,40
gene_00474,13,9,3,12,12,8,4,14,13,22
gene_00475,78,76,16,19,39,51,22,40,46,42
gene_00476,9,5,4,9,18,8,6,23,6,23
gene_00477,6,3,6,6,4,7,4,13,6,2
gene_00478,4,9,0,2,2,3,0,1,2,4
gene_00479,138,251,89,114,169,96,117,218,234,198
gene_00480,23,10,14,2,21,11,22,13,21,16
gene_00481,18,35,22,22,23,26,33,24,25,29
gene_00482,30,17,20,7,14,13,19,19,14,50
gene_00483,29,36,13,22,48,38,15,25,23,51
gene_00484,41,15,26,26,32,16,29,30,26,26
gene_00485,219,165,152,77,198,64,111,260,186,132
gene_00486,11,6,7,10,15,8,14,10,4,7
gene_00487,5,4,4,4,8,3,1,3,4,4
gene_00488,14,5,7,7,4,6,5,7,7,5
gene_00489,9,6,2,6,8,7,12,7,9,4
gene_00490,49,75,46,21,34,35,29,48,66,43
gene_00491,52,28,12,41,76,27,36,83,76,35
gene_00492,14,7,7,12,5,17,11,9,16,12
gene_00493,4,7,4,4,8,4,10,8,9,6
gene_00494,11,17,21,8,21,16,11,24,20,20
gene_00495,92,99,73,151,129,110,91,103,113,85
gene_00496,0,3,0,0,3,0,2,2,0,3
gene_00497,48,60,31,23,48,38,7,60,32,75
gene_00498,6,4,4,5,5,7,4,12,2,6
gene_00499,87,111,66,68,76,51,40,39,59,69
gene_00500,8,12,5,4,9,4,8,6,10,14
gene_00501,6,14,5,27,13,6,24,16,17,19
gene_00502,4,8,5,2,7,5,6,10,3,4
gene_00503,9,6,6,7,7,49,21,68,74,39
gene_00504,72,134,70,42,96,132,75,72,89,102
gene_00505,76,76,18,54,36,99,91,110,256,124
gene_00506,24,11,12,12,23,10,8,20,13,10
gene_00507,10,14,1,10,11,7,11,10,8,4
gene_00508,3,8,1,4,2,0,2,3,3,0
gene_00509,26,25,8,9,10,12,8,34,8,10
gene_00510,26,38,12,31,19,15,27,31,17,18
gene_00511,34,28,23,21,13,13,31,33,28,20
gene_00512,27,26,11,23,17,15,16,27,24,30
gene_00513,13,10,6,4,12,3,7,12,4,7
gene_00514,43,20,12,10,18,18,15,37,23,14
gene_00515,22,18,11,16,14,12,10,17,13,45
gene_00516,96,72,84,95,97,90,40,83,85,103
gene_00517,79,107,80,142,75,78,108,123,155,247
gene_00518,38,25,10,15,23,9,8,30,22,14
gene_00519,7,7,12,2,10,12,6,11,13,19
gene_00520,48,13,27,6,16,20,7,30,13,19
gene_00521,7,21,7,7,13,14,8,11,16,12
gene_00522,30,6,7,7,8,7,11,20,5,12
gene_00523,11,26,28,15,20,18,24,18,24,27
gene_00524,7,5,4,5,7,5,3,13,12,3
gene_00525,47,47,38,28,49,35,19,42,49,48
gene_00526,13,32,13,23,19,11,24,23,16,17
gene_00527,46,47,18,4,26,11,22,49,39,58
gene_00528,20,29,6,13,10,22,11,27,21,15
gene_00529,18,5,14,14,8,3,4,3,4,2
gene_00530,16,16,12,3,7,7,4,30,7,9
gene_00531,23,17,25,6,9,6,5,15,8,6
gene_00532,9,12,8,14,11,10,13,23,17,17
gene_00533,44,23,14,30,14,23,17,26,38,51
gene_00534,27,29,5,23,17,31,12,17,26,28
gene_00535,11,9,15,2,7,7,4,17,3,15
gene_00536,22,49,14,12,29,11,19,20,31,29
gene_00537,5,7,4,5,7,5,5,4,10,10
gene_00538,15,27,18,13,6,5,19,21,12,6
gene_00539,22,17,11,13,14,14,5,28,6,18
gene_00540,7,5,4,5,4,2,1,1,0,1
gene_00541,32,36,12,25,21,17,23,39,10,30
gene_00542,41,23,18,14,28,28,18,41,17,25
gene_00543,28,20,22,21,22,6,10,30,44,19
gene_00544,7,20,7,15,9,9,10,28,20,10
gene_00545,22,14,10,10,14,14,2,24,15,14
gene_00546,10,8,9,17,15,17,7,14,8,6
gene_00547,16,13,4,32,9,17,9,17,25,40
gene_00548,12,13,10,11,4,38,35,94,52,70
gene_00549,20,17,20,13,21,62,26,36,29,15
gene_00550,5,5,4,7,3,8,5,10,15,16
gene_00551,46,59,28,27,23,24,37,54,37,46
gene_00552,35,38,31,25,23,4,5,10,13,5
gene_00553,18,23,15,13,20,28,13,38,21,27
gene_00554,18,12,14,13,9,13,10,19,12,10
gene_00555,46,13,15,31,30,19,27,21,20,16
gene_00556,3,4,2,3,5,11,5,13,3,7
gene_00557,46,53,22,28,24,17,27,32,56,66
gene_00558,70,25,7,31,12,22,25,48,28,21
gene_00559,23,27,27,54,23,27,44,54,39,34
gene_00560,29,38,28,34,30,33,29,69,42,41
gene_00561,12,10,4,8,7,9,15,10,24,10
gene_00562,28,25,5,21,18,16,5,19,25,23
gene_00563,53,43,40,27,47,32,36,33,56,32
gene_00564,39,44,39,32,34,53,43,37,23,39
gene_00565,27,28,11,21,13,16,8,43,25,33
gene_00566,6,1,2,2,7,3,2,4,6,7
gene_00567,49,64,44,56,16,69,131,223,199,121
gene_00568,57,97,47,32,40,100,70,103,52,133
gene_00569,107,100,58,69,51,64,54,53,76,56
gene_00570,51,22,19,35,38,26,29,38,21,47
gene_00571,4,4,4,4,7,3,6,10,7,5
gene_00572,54,47,37,49,50,59,79,66,45,71
gene_00573,34,18,8,9,15,19,7,31,9,19
gene_00574,2,3,1,1,1,1,4,4,1,5
gene_00575,21,29,36,19,58,34,22,59,39,45
gene_00576,5,5,2,5,5,3,5,5,4,12
gene_00577,9,10,4,4,6,2,1,1,1,3
gene_00578,9,12,15,12,12,17,10,18,17,17
gene_00579,49,115,37,60,99,109,90,72,47,63
gene_00580,24,20,4,7,17,29,12,21,11,25
gene_00581,35,38,22,11,30,32,26,30,31,31
gene_00582,195,212,51,68,125,100,80,140,119,189
gene_00583,136,168,69,76,120,85,52,241,120,117
gene_00584,27,30,19,9,12,18,15,46,27,20
gene_00585,17,15,15,17,15,8,5,44,14,18
gene_00586,7,7,5,5,3,3,2,6,2,5
gene_00587,21,15,7,5,17,9,9,18,7,21
gene_00588,33,50,19,39,29,17,26,45,35,48
gene_00589,32,57,30,27,25,15,11,29,17,24
gene_00590,55,26,24,16,16,25,22,49,21,23
gene_00591,88,30,38,107,82,31,39,61,60,79
gene_00592,8,14,8,7,7,6,7,12,6,18
gene_00593,31,42,19,22,22,17,38,39,15,23
gene_00594,87,35,32,28,44,42,29,91,86,71
gene_00595,60,112,20,31,51,111,63,129,104,98
gene_00596,90,88,49,41,62,63,97,81,38,83
gene_00597,52,35,11,32,43,19,18,56,26,47
gene_00598,15,25,16,13,14,16,23,11,19,18
gene_00599,26,30,22,16,32,25,31,45,19,25
gene_00600,11,9,4,7,6,11,3,15,8,7
gene_00601,9,5,4,0,4,1,3,5,1,4
gene_00602,53,50,45,39,38,40,32,39,44,38
gene_00603,60,19,36,22,20,9,11,28,22,30
gene_00604,31,25,33,20,31,23,22,41,48,36
gene_00605,6,5,4,1,2,5,2,15,4,2
gene_00606,23,20,8,5,20,16,17,21,16,31
gene_00607,14,8,13,6,13,13,7,18,14,10
gene_00608,16,12,10,6,11,17,3,15,8,18
gene_00609,3,3,1,2,2,3,2,2,2,6
gene_00610,9,18,8,16,11,14,32,26,9,12
gene_00611,38,72,28,69,26,40,36,51,35,45
gene_00612,36,19,30,30,24,13,29,21,28,29
gene_00613,11,6,8,5,15,2,15,22,8,21
gene_00614,26,33,10,15,10,13,16,46,29,26
gene_00615,46,61,26,35,29,14,27,26,12,39
gene_00616,2,1,1,1,0,1,1,1,1,2
gene_00617,22,37,13,10,25,8,16,21,18,20
gene_00618,40,32,19,12,48,28,10,60,41,36
gene_00619,63,51,27,26,44,48,31,105,37,42
gene_00620,94,102,105,113,128,158,75,191,84,117
gene_00621,116,98,31,45,65,71,74,105,116,90
gene_00622,29,41,27,33,42,60,44,113,45,119
gene_00623,20,37,20,42,13,28,29,50,41,35
gene_00624,59,37,46,45,57,45,31,68,90,46
gene_00625,11,20,3,14,10,18,12,10,22,14
gene_00626,31,10,16,25,9,9,30,19,16,33
gene_00627,93,79,40,86,59,53,71,37,56,60
gene_00628,242,183,85,237,135,134,156,330,144,232
gene_00629,8,26,5,21,12,15,22,28,13,21
gene_00630,22,20,27,22,20,17,13,40,21,51
gene_00631,26,41,10,24,36,25,35,25,22,40
gene_00632,102,139,55,120,73,99,69,126,89,74
gene_00633,42,35,13,22,18,22,29,36,44,28
gene_00634,89,144,48,85,125,72,29,110,68,80
gene_00635,6,11,5,5,9,16,1,10,2,5
gene_00636,21,25,10,9,16,17,22,24,30,23
gene_00637,28,21,3,21,20,25,24,22,16,12
gene_00638,26,51,33,11,34,68,58,56,65,49
gene_00639,72,42,28,42,57,15,13,20,29,35
gene_00640,7,3,7,2,4,8,11,16,5,3
gene_00641,24,8,6,3,11,11,5,14,8,7
gene_00642,61,28,16,13,26,48,14,33,25,39
gene_00643,19,17,11,11,15,16,12,2,17,7
gene_00644,3,2,3,4,4,3,2,4,1,10
gene_00645,63,86,70,34,94,58,74,64,14,73
gene_00646,18,30,5,47,29,15,25,97,16,27
gene_00647,41,42,16,21,31,15,39,61,20,23
gene_00648,23,14,9,10,9,17,11,14,11,22
gene_00649,99,105,55,76,58,28,6,32,31,49
gene_00650,37,23,10,17,26,16,6,8,17,4
gene_00651,118,90,85,75,60,28,18,54,29,71
gene_00652,7,7,7,11,8,12,7,20,9,11
gene_00653,22,21,5,14,12,5,18,16,8,4
gene_00654,48,28,27,23,57,188,146,119,161,80
gene_00655,11,10,9,20,4,18,8,14,16,6
gene_00656,79,45,16,14,36,31,31,38,87,61
gene_00657,19,48,28,30,36,24,12,38,65,41
gene_00658,7,10,7,10,6,30,44,44,21,43
gene_00659,25,37,14,15,7,13,18,30,26,34
gene_00660,29,16,10,19,8,16,19,26,12,16
gene_00661,86,32,34,43,40,26,28,75,49,64
gene_00662,9,18,5,9,10,6,2,19,10,14
gene_00663,25,31,7,7,8,10,1,25,15,8
gene_00664,177,71,39,20,51,48,68,102,37,132
gene_00665,273,256,184,265,146,133,173,155,183,364
gene_00666,204,232,106,211,134,209,154,351,188,216
gene_00667,21,15,30,21,21,24,28,49,15,24
gene_00668,21,28,24,28,23,15,17,48,27,38
gene_00669,81,213,90,90,134,78,146,116,108,77
gene_00670,18,28,8,18,11,24,12,20,12,24
gene_00671,5,9,9,4,7,5,10,6,4,14
gene_00672,25,23,31,20,23,25,23,31,22,21
gene_00673,35,32,21,50,28,35,15,44,50,51
gene_00674,12,15,8,6,12,24,11,13,19,23
gene_00675,5,5,7,2,3,3,3,3,2,4
gene_00676,4,13,3,9,3,7,1,4,1,10
gene_00677,42,47,45,46,29,28,36,60,73,75
gene_00678,10,23,3,9,9,12,6,8,12,17
gene_00679,45,16,11,33,23,17,19,23,6,17
gene_00680,42,21,14,27,35,39,13,55,21,38
gene_00681,23,27,29,71,64,21,37,84,50,34
gene_00682,15,25,17,14,7,36,17,36,14,16
gene_00683,54,43,39,23,26,34,32,63,42,39
gene_00684,12,16,8,12,11,9,7,9,4,16
gene_00685,5,8,8,14,14,8,18,10,26,22
gene_00686,8,13,4,3,4,6,12,6,4,16
gene_00687,97,84,36,60,76,57,64,112,80,93
gene_00688,41,35,16,10,21,19,18,45,11,15
gene_00689,11,12,8,8,9,11,4,10,18,7
gene_00690,25,12,14,9,10,6,12,20,25,29
gene_00691,22,32,2,20,34,13,15,29,10,24
gene_00692,78,44,41,64,72,74,50,78,64,34
gene_00693,8,7,2,4,4,4,3,8,6,3
gene_00694,10,11,11,4,8,18,6,11,8,2
gene_00695,13,15,3,6,7,26,6,32,7,21
gene_00696,331,307,162,279,229,207,312,446,318,361
gene_00697,68,68,39,39,84,80,50,136,133,102
gene_00698,25,40,15,9,16,60,40,72,62,71
gene_00699,50,67,19,20,53,42,8,52,70,36
gene_00700,204,179,141,124,134,113,187,258,113,293
gene_00701,10,20,15,9,22,16,15,14,16,20
gene_00702,16,25,8,16,12,15,14,23,19,21
gene_00703,82,64,27,106,89,9,12,34,37,36
gene_00704,61,49,27,7,24,40,47,35,34,46
gene_00705,72,44,24,48,22,53,50,57,37,57
gene_00706,17,25,15,15,8,13,11,16,24,19
gene_00707,318,69,110,154,123,136,104,170,148,226
gene_00708,216,190,38,166,150,84,190,156,101,200
gene_00709,23,52,26,37,45,35,33,55,57,75
gene_00710,54,53,25,33,42,59,26,42,57,45
gene_00711,2,1,2,5,1,8,1,5,1,3
gene_00712,69,56,23,38,11,47,27,83,55,75
gene_00713,38,41,6,20,13,8,8,25,17,10
gene_00714,44,43,22,39,42,13,12,66,26,55
gene_00715,67,51,42,33,90,36,40,42,44,29
gene_00716,10,15,15,16,3,11,20,13,8,21
gene_00717,6,3,3,5,7,2,3,2,5,12
gene_00718,31,33,25,19,42,39,27,39,35,32
gene_00719,9,19,8,4,20,17,7,12,12,19
gene_00720,29,29,9,8,20,14,6,41,18,18
gene_00721,12,12,7,9,19,5,14,15,9,8
gene_00722,15,15,9,18,4,20,12,17,10,8
gene_00723,7,7,0,2,4,1,3,5,4,4
gene_00724,94,159,56,43,82,72,51,107,63,67
gene_00725,21,24,11,28,12,10,6,9,10,9
gene_00726,50,55,68,51,61,53,24,67,67,105
gene_00727,315,190,57,181,148,84,159,105,98,103
gene_00728,54,33,10,12,32,12,13,17,30,35
gene_00729,4,7,10,3,0,3,4,8,6,4
gene_00730,5,5,5,4,14,4,5,13,10,10
gene_00731,5,4,1,4,7,1,1,9,5,9
gene_00732,7,17,10,14,11,8,5,9,13,20
gene_00733,31,33,27,14,28,21,22,27,29,38
gene_00734,2,3,4,3,2,3,2,2,1,1
gene_00735,42,33,25,28,26,19,21,21,24,11
gene_00736,11,7,1,4,8,11,3,9,0,5
gene_00737,28,27,35,49,67,39,31,32,28,24
gene_00738,34,18,20,22,27,9,15,29,28,44
gene_00739,20,19,12,7,11,18,18,20,13,9
gene_00740,22,25,12,13,20,16,24,37,17,41
gene_00741,25,8,13,7,9,11,7,21,11,15
gene_00742,14,8,14,17,4,9,8,16,11,11
gene_00743,3,3,1,3,8,6,3,6,2,9
gene_00744,48,29,7,21,34,4,4,4,6,3
gene_00745,162,123,94,75,76,46,163,172,156,63
gene_00746,185,239,43,199,197,102,172,172,114,228
gene_00747,168,92,48,29,78,70,115,120,105,72
gene_00748,50,39,48,54,20,8,11,19,17,24
gene_00749,34,16,12,11,13,10,13,18,10,17
gene_00750,171,97,27,117,97,155,74,54,59,112
gene_00751,32,42,18,25,18,13,19,25,20,14
gene_00752,15,19,11,8,30,26,28,17,22,27
gene_00753,29,12,5,24,12,13,21,22,28,13
gene_00754,30,21,22,6,39,25,23,44,16,29
gene_00755,17,16,4,21,19,7,19,29,9,8
gene_00756,24,26,10,14,19,12,17,18,19,43
gene_00757,9,14,7,4,8,3,3,12,6,12
gene_00758,18,15,6,14,13,18,10,49,11,14
gene_00759,562,218,78,154,213,109,183,313,152,319
gene_00760,30,29,14,26,20,25,16,14,16,18
gene_00761,25,17,9,25,14,9,6,10,11,35
gene_00762,72,95,15,27,27,37,35,63,77,44
gene_00763,69,50,27,34,60,71,36,80,48,39
gene_00764,7,13,6,7,7,5,6,12,12,10
gene_00765,19,22,8,19,1,16,27,32,15,29
gene_00766,74,77,57,51,75,52,25,39,47,71
gene_00767,34,35,22,34,35,29,24,58,50,38
gene_00768,22,21,22,13,32,20,40,50,43,30
gene_00769,122,100,64,144,92,53,74,90,108,229
gene_00770,17,12,4,18,5,13,10,19,18,15
gene_00771,22,56,22,10,19,24,22,21,27,42
gene_00772,15,36,11,5,10,19,4,24,6,12
gene_00773,77,164,125,68,95,93,119,110,135,70
gene_00774,1,5,1,1,8,0,6,3,2,3
gene_00775,10,19,3,12,7,20,5,10,14,10
gene_00776,16,19,15,23,15,10,10,19,12,16
gene_00777,48,74,36,46,47,13,35,50,23,20
gene_00778,27,34,39,37,43,36,63,62,42,60
gene_00779,223,58,51,60,67,85,73,163,98,179
gene_00780,5,3,4,2,2,4,4,8,7,8
gene_00781,33,84,40,49,51,32,39,91,28,41
gene_00782,26,22,10,11,15,4,9,4,7,6
gene_00783,16,11,12,15,6,8,8,12,11,21
gene_00784,56,28,27,32,8,14,9,16,11,17
gene_00785,16,7,8,5,8,12,13,11,13,2
gene_00786,3,2,3,1,1,0,1,0,1,3
gene_00787,22,17,17,12,21,11,9,20,13,17
gene_00788,6,5,7,2,6,8,8,21,12,12
gene_00789,11,11,4,9,5,7,7,7,16,12
gene_00790,35,34,13,35,36,30,26,65,19,45
gene_00791,49,23,21,47,18,38,31,37,34,39
gene_00792,119,169,83,157,113,133,99,105,138,86
gene_00793,19,17,8,7,26,17,14,29,15,10
gene_00794,3,4,2,1,9,2,3,5,7,2
gene_00795,19,19,2,5,18,6,12,7,9,8
gene_00796,7,4,5,5,10,7,4,17,10,12
gene_00797,11,5,4,2,9,6,5,8,5,5
gene_00798,48,22,9,19,38,27,18,86,20,37
gene_00799,20,27,5,21,8,7,14,12,7,19
gene_00800,5,11,0,2,5,3,1,4,5,4
gene_00801,51,67,47,27,60,17,24,47,46,45
gene_00802,17,27,14,24,19,21,25,21,15,31
gene_00803,68,46,32,27,31,36,28,54,36,31
gene_00804,21,40,14,19,11,13,22,41,27,13
gene_00805,68,69,57,33,48,35,28,44,45,60
gene_00806,38,31,28,16,14,21,21,48,18,28
gene_00807,133,108,40,112,68,48,66,127,70,76
gene_00808,36,45,18,33,53,34,36,49,26,28
gene_00809,52,30,45,16,28,43,19,41,55,20
gene_00810,85,56,30,37,33,23,21,42,39,60
gene_00811,11,5,3,0,8,2,8,7,6,5
gene_00812,13,22,23,29,20,6,8,24,13,24
gene_00813,20,16,7,7,18,24,13,18,24,18
gene_00814,35,37,37,47,8,22,23,27,40,31
gene_00815,4,14,3,7,7,1,5,8,5,4
gene_00816,150,198,54,103,71,174,116,182,111,130
gene_00817,34,26,25,17,11,17,14,24,23,19
gene_00818,8,13,4,5,8,10,6,6,7,8
gene_00819,6,4,4,1,2,1,1,11,1,7
gene_00820,16,19,12,3,15,14,25,26,26,34
gene_00821,20,36,15,20,20,18,8,21,30,31
gene_00822,19,22,8,11,12,11,6,11,12,10
gene_00823,37,52,16,28,28,13,17,28,41,18
gene_00824,10,18,4,5,14,15,9,19,7,11
gene_00825,53,27,25,27,63,35,43,61,59,40
gene_00826,23,16,6,15,6,6,5,9,14,9
gene_00827,20,20,7,18,20,17,13,35,15,18
gene_00828,93,86,40,52,34,83,43,100,69,77
gene_00829,436,550,298,192,385,99,86,138,60,138
gene_00830,6,8,4,4,6,8,7,14,7,14
gene_00831,16,12,11,15,12,19,7,12,15,36
gene_00832,25,18,12,7,5,11,12,9,7,16
gene_00833,48,70,47,71,40,49,49,70,65,88
gene_00834,7,11,5,3,4,3,7,5,8,4
gene_00835,15,15,14,7,16,9,13,23,18,22
gene_00836,27,19,12,28,23,34,8,21,25,24
gene_00837,12,19,3,4,4,13,5,11,3,10
gene_00838,8,6,5,5,4,12,10,15,8,7
gene_00839,22,19,16,3,7,3,1,2,7,5
gene_00840,3,4,1,1,7,5,2,6,6,5
gene_00841,7,3,2,3,5,3,1,9,3,4
gene_00842,21,1,16,22,11,14,8,17,12,11
gene_00843,41,47,17,24,32,21,32,45,71,25
gene_00844,40,34,11,15,30,10,13,29,24,24
gene_00845,6,3,2,1,3,6,1,2,4,6
gene_00846,10,39,6,8,11,10,16,22,9,11
gene_00847,60,43,30,28,46,59,48,72,81,54
gene_00848,81,47,30,24,38,28,24,63,88,59
gene_00849,30,14,15,27,11,15,10,43,14,29
gene_00850,11,7,1,3,24,9,3,26,18,9
gene_00851,40,64,21,27,37,37,39,25,66,80
gene_00852,6,13,9,14,13,15,6,23,13,9
gene_00853,17,7,8,9,5,14,7,6,7,7
gene_00854,15,12,6,7,14,6,13,6,5,17
gene_00855,81,84,50,115,92,28,88,138,107,126
gene_00856,37,24,15,33,58,20,31,30,24,28
gene_00857,169,128,69,38,77,11,29,24,17,5
gene_00858,18,29,12,11,14,15,19,26,9,18
gene_00859,36,51,19,23,66,42,24,62,57,34
gene_00860,15,17,7,9,8,10,6,25,10,16
gene_00861,35,12,18,8,20,16,17,14,16,15
gene_00862,581,183,183,175,326,239,111,380,290,469
gene_00863,71,48,43,40,46,55,36,50,38,88
gene_00864,26,19,5,8,8,10,15,14,9,26
gene_00865,15,16,17,8,32,24,24,48,23,22
gene_00866,55,41,17,18,54,60,25,43,28,37
gene_00867,150,76,80,126,63,109,57,73,135,78
gene_00868,15,5,12,13,9,7,16,19,12,17
gene_00869,4,7,4,2,5,2,0,2,3,1
gene_00870,14,7,18,26,14,9,20,18,24,37
gene_00871,22,34,9,25,27,24,45,18,28,23
gene_00872,31,41,20,15,22,44,30,24,23,44
gene_00873,166,109,58,43,88,68,55,120,86,92
gene_00874,63,49,50,39,19,46,22,45,23,33
gene_00875,81,48,60,33,26,29,63,53,42,98
gene_00876,9,6,4,2,14,5,7,11,9,5
gene_00877,40,43,34,74,71,65,67,76,48,43
gene_00878,199,96,237,182,180,234,223,273,184,256
gene_00879,60,61,39,39,24,38,34,59,11,61
gene_00880,56,35,15,22,25,20,38,59,27,35
gene_00881,33,36,20,16,17,26,26,38,31,28
gene_00882,213,170,41,100,142,51,175,183,142,193
gene_00883,19,10,6,1,5,2,3,6,4,6
gene_00884,30,11,16,4,10,21,21,30,13,22
gene_00885,44,48,31,26,30,27,28,45,51,29
gene_00886,33,93,31,37,40,24,37,57,40,65
gene_00887,22,29,13,9,7,8,15,5,25,24
gene_00888,66,45,19,16,28,27,23,36,58,32
gene_00889,8,35,21,15,26,19,25,19,20,15
gene_00890,21,27,18,28,8,14,15,46,20,60
gene_00891,17,41,13,25,9,38,8,32,20,35
gene_00892,9,9,4,5,9,11,6,15,9,13
gene_00893,19,16,33,12,25,22,19,18,27,25
gene_00894,128,76,50,58,51,104,46,80,88,31
gene_00895,8,8,12,10,10,8,4,7,5,8
gene_00896,20,29,5,12,22,9,13,12,21,23
gene_00897,53,34,39,32,30,24,39,65,53,61
gene_00898,15,5,9,3,10,8,7,9,4,9
gene_00899,47,20,21,22,14,13,17,34,21,18
gene_00900,18,0,2,6,13,8,12,6,11,7
gene_00901,82,68,24,73,52,67,51,101,64,65
gene_00902,352,432,252,178,173,137,162,361,325,349
gene_00903,258,182,179,123,175,133,116,224,174,241
gene_00904,41,24,20,14,20,7,7,26,26,13
gene_00905,78,28,23,28,67,33,18,52,74,37
gene_00906,36,30,12,20,12,22,15,33,37,32
gene_00907,42,37,6,13,18,14,17,29,19,22
gene_00908,94,136,78,89,116,100,66,194,105,107
gene_00909,5,4,3,4,2,4,3,5,4,8
gene_00910,90,70,47,68,92,55,62,58,98,65
gene_00911,27,22,13,29,22,30,15,36,16,25
gene_00912,101,126,89,24,83,68,47,139,85,93
gene_00913,47,42,16,25,25,33,55,58,51,59
gene_00914,8,17,21,11,13,16,8,23,3,3
gene_00915,36,20,20,29,29,47,25,65,39,46
gene_00916,29,20,22,33,45,36,31,39,39,26
gene_00917,12,32,23,8,25,13,28,28,34,46
gene_00918,72,43,36,25,42,34,21,36,23,57
gene_00919,13,16,7,14,20,21,16,23,15,19
gene_00920,5,6,3,4,4,1,0,4,0,4
gene_00921,67,58,33,53,32,68,45,46,52,51
gene_00922,24,77,37,17,35,57,28,45,34,67
gene_00923,47,29,19,23,10,14,14,35,35,42
gene_00924,26,26,12,33,14,24,17,47,20,38
gene_00925,72,80,48,77,67,193,249,66,313,159
gene_00926,22,18,14,16,10,10,7,1,8,2
gene_00927,3,6,11,3,14,10,6,24,17,13
gene_00928,13,10,11,13,20,19,10,20,15,29
gene_00929,121,121,61,59,132,26,39,48,32,51
gene_00930,4,7,6,2,8,7,6,22,3,7
gene_00931,120,117,62,72,88,53,57,107,94,69
gene_00932,24,12,9,8,11,14,11,16,17,11
gene_00933,4,6,6,4,8,5,13,9,6,7
gene_00934,78,54,44,65,124,62,40,69,64,102
gene_00935,10,21,8,25,7,10,11,13,25,27
gene_00936,4,4,6,3,4,6,2,2,4,7
gene_00937,21,5,15,9,20,11,8,24,17,26
gene_00938,54,73,42,32,57,40,73,102,49,51
gene_00939,73,56,36,80,91,91,59,83,75,75
gene_00940,13,17,13,15,30,11,14,15,24,11
gene_00941,63,66,38,29,32,40,37,46,31,64
gene_00942,52,64,18,42,46,79,29,59,50,64
gene_00943,16,16,11,9,14,12,7,10,9,18
gene_00944,30,34,45,24,47,17,16,50,19,52
gene_00945,36,29,16,24,19,24,16,29,12,56
gene_00946,16,12,8,16,10,6,12,16,20,14
gene_00947,30,4,7,9,26,9,1,15,8,21
gene_00948,30,33,16,23,14,7,9,4,11,7
gene_00949,33,25,7,15,22,17,22,39,26,14
gene_00950,9,17,7,14,4,17,6,13,12,29
gene_00951,13,12,12,8,18,4,11,26,6,24
gene_00952,60,83,70,67,72,56,45,35,86,106
gene_00953,18,36,18,21,33,34,17,33,13,48
gene_00954,49,46,24,60,51,86,41,80,39,68
gene_00955,118,169,63,74,62,42,60,112,58,127
gene_00956,60,40,27,53,52,53,24,76,27,49
gene_00957,263,281,163,205,264,251,173,352,194,180
gene_00958,8,13,5,12,7,6,4,19,14,14
gene_00959,60,45,38,52,64,27,58,48,56,45
gene_00960,28,18,9,10,16,15,13,35,18,24
gene_00961,178,132,144,130,206,142,142,247,159,99
gene_00962,190,140,36,60,181,164,85,128,119,147
gene_00963,3,7,3,1,2,2,3,2,4,1
gene_00964,10,3,8,17,6,7,3,11,11,19
gene_00965,82,46,34,25,43,66,28,54,35,41
gene_00966,53,35,31,32,31,41,44,61,47,41
gene_00967,48,88,30,23,38,37,27,64,72,49
gene_00968,45,29,9,20,18,20,13,21,30,18
gene_00969,41,37,10,12,18,31,35,49,27,45
gene_00970,40,107,45,49,37,7,13,15,18,12
gene_00971,43,14,11,4,28,11,9,38,33,30
gene_00972,84,68,36,49,69,24,72,76,62,109
gene_00973,1,1,4,1,1,1,2,5,3,2
gene_00974,60,47,7,17,38,31,23,50,48,68
gene_00975,4,6,7,7,12,8,4,8,8,5
gene_00976,67,92,32,37,58,180,208,306,306,342
gene_00977,35,24,16,28,31,2,2,11,7,10
gene_00978,4,10,11,10,8,9,8,12,8,4
gene_00979,24,56,27,16,30,24,20,36,24,25
gene_00980,12,18,7,9,5,1,10,21,13,8
gene_00981,11,7,1,13,6,6,6,9,8,15
gene_00982,6,5,4,7,8,6,3,9,6,7
gene_00983,22,35,11,13,27,15,14,38,21,38
gene_00984,80,58,55,45,39,26,44,31,32,28
gene_00985,118,67,35,112,70,36,17,9,16,15
gene_00986,25,31,12,15,15,15,14,26,22,25
gene_00987,58,115,62,70,86,73,44,57,34,56
gene_00988,42,46,25,27,19,27,18,21,11,15
gene_00989,28,13,17,21,34,17,18,43,26,19
gene_00990,59,55,27,21,31,10,65,25,63,41
gene_00991,74,85,37,54,56,66,57,87,72,63
gene_00992,18,13,17,27,14,19,21,18,15,15
gene_00993,19,21,19,7,19,14,8,25,26,27
gene_00994,47,48,23,19,15,8,17,13,9,18
gene_00995,9,49,18,39,18,17,23,40,13,27
gene_00996,8,21,5,5,5,4,12,11,16,13
gene_00997,43,116,58,81,44,44,55,50,86,89
gene_00998,19,9,5,20,21,10,10,20,15,17
gene_00999,64,55,29,24,39,31,53,39,34,52
gene_01000,11,22,3,3,4,13,14,10,22,12
gene_01001,35,71,32,26,37,40,37,48,25,64
gene_01002,38,40,11,27,33,18,30,39,29,51
gene_01003,27,15,2,15,10,10,10,25,12,13
gene_01004,226,99,118,73,102,89,141,230,169,187
gene_01005,42,40,32,32,28,5,29,33,24,44
gene_01006,161,179,86,151,130,161,201,246,95,95
gene_01007,98,46,50,65,60,49,67,51,78,62
gene_01008,18,11,8,7,9,18,9,17,15,25
gene_01009,26,31,7,17,15,12,9,15,8,25
gene_01010,21,45,48,26,33,38,22,58,49,71
gene_01011,20,39,4,14,19,24,21,58,12,23
gene_01012,31,29,19,28,11,7,10,22,25,26
gene_01013,11,13,17,15,21,21,11,28,20,21
gene_01014,6,5,2,3,3,13,15,8,15,43
gene_01015,40,14,7,20,19,4,5,2,9,6
gene_01016,2,1,0,2,2,9,2,12,3,16
gene_01017,44,37,17,11,27,30,24,41,61,23
gene_01018,19,19,11,8,17,6,14,12,8,14
gene_01019,21,11,4,7,11,16,7,5,11,23
gene_01020,10,21,19,16,13,38,28,26,13,28
gene_01021,48,8,17,19,20,13,20,55,35,50
gene_01022,2,6,5,10,11,8,5,11,11,8
gene_01023,7,2,0,4,3,4,2,10,3,10
gene_01024,14,9,9,5,6,7,4,7,5,9
gene_01025,7,3,3,3,5,5,1,0,1,4
gene_01026,18,7,9,4,14,10,2,9,8,7
gene_01027,149,181,67,99,120,65,113,85,130,284
gene_01028,18,8,4,8,3,9,8,13,13,10
gene_01029,35,38,24,27,27,47,20,34,27,40
gene_01030,6,4,7,6,5,5,4,8,2,5
gene_01031,62,45,16,24,22,34,37,55,37,37
gene_01032,13,15,16,18,19,9,9,7,24,19
gene_01033,18,26,15,15,21,40,20,59,56,62
gene_01034,53,85,26,30,40,43,52,42,29,44
gene_01035,179,138,58,91,232,429,589,433,193,780
gene_01036,60,41,11,23,13,30,37,64,45,29
gene_01037,31,24,20,16,16,32,17,31,20,29
gene_01038,8,8,3,1,3,6,5,13,15,9
gene_01039,39,78,25,14,33,29,26,59,30,33
gene_01040,10,19,9,18,25,48,31,60,43,27
gene_01041,37,62,60,48,24,41,69,59,54,93
gene_01042,29,21,17,16,13,16,19,40,34,26
gene_01043,106,129,125,55,119,71,64,198,93,129
gene_01044,6,2,3,2,1,3,3,6,4,6
gene_01045,19,13,5,12,12,15,23,16,31,25
gene_01046,74,32,43,34,35,13,10,6,7,30
gene_01047,23,10,11,13,13,6,3,4,5,3
gene_01048,10,17,12,6,6,5,13,19,14,11
gene_01049,24,33,9,15,14,22,13,15,22,24
gene_01050,12,11,4,11,3,0,5,11,3,10
gene_01051,17,23,29,13,19,19,24,26,28,16
gene_01052,260,310,197,215,322,151,244,547,300,251
gene_01053,131,50,62,88,56,33,87,90,85,73
gene_01054,8,13,6,7,10,7,3,18,8,9
gene_01055,20,7,5,17,7,5,8,7,11,10
gene_01056,24,24,13,8,17,6,9,18,20,18
gene_01057,49,129,24,64,61,75,65,73,50,70
gene_01058,9,13,4,7,14,11,12,10,9,11
gene_01059,17,21,12,5,13,11,4,6,16,15
gene_01060,74,68,31,55,49,76,55,25,60,65
gene_01061,76,53,71,28,46,41,36,81,76,52
gene_01062,22,6,18,4,18,57,54,77,32,28
gene_01063,5,9,2,1,6,8,7,10,7,16
gene_01064,12,10,2,1,3,3,7,4,0,13
gene_01065,14,15,11,10,11,4,5,7,11,11
gene_01066,2,7,0,1,2,4,1,3,5,3
gene_01067,102,47,16,46,63,42,42,43,45,50
gene_01068,9,16,8,15,9,8,12,8,15,19
gene_01069,41,37,24,32,34,28,43,56,70,39
gene_01070,87,162,98,40,157,104,115,221,98,185
gene_01071,99,77,69,80,101,70,27,62,100,76
gene_01072,12,7,5,5,9,5,7,2,2,10
gene_01073,30,95,36,42,27,44,47,56,55,68
gene_01074,67,109,71,57,53,54,41,87,46,93
gene_01075,5,14,4,4,5,18,13,35,43,26
gene_01076,17,12,7,9,6,8,11,12,15,8
gene_01077,20,28,13,18,9,23,18,42,26,14
gene_01078,11,11,5,4,3,5,7,11,5,4
gene_01079,197,117,74,92,143,115,99,106,130,111
gene_01080,0,3,1,3,1,5,2,0,1,2
gene_01081,2,14,3,5,0,9,9,8,4,7
gene_01082,28,9,11,17,10,17,32,18,20,20
gene_01083,8,12,17,18,8,12,19,14,18,9
gene_01084,17,36,18,44,8,34,16,40,24,28
gene_01085,48,42,26,15,27,28,36,30,39,28
gene_01086,11,16,11,14,30,8,2,10,3,9
gene_01087,163,37,54,73,93,66,36,87,60,75
gene_01088,4,1,1,1,2,0,5,4,2,1
gene_01089,19,25,14,13,28,25,15,45,26,21
gene_01090,17,12,5,1,5,7,5,19,12,15
gene_01091,30,13,25,9,25,20,15,25,14,47
gene_01092,47,46,17,34,20,13,45,30,21,35
gene_01093,5,11,8,6,6,7,6,11,10,12
gene_01094,26,5,2,12,7,5,7,15,15,12
gene_01095,76,66,48,67,24,34,64,72,54,38
gene_01096,83,40,27,18,9,32,33,43,39,50
gene_01097,20,6,8,8,16,3,9,9,8,3
gene_01098,172,150,86,155,138,194,147,317,171,232
gene_01099,255,405,161,240,204,235,341,301,296,223
gene_01100,5,8,4,2,2,1,1,6,7,6
gene_01101,24,52,24,32,45,26,46,47,20,32
gene_01102,401,505,137,211,211,231,218,467,259,349
gene_01103,67,57,18,25,46,26,53,64,54,80
gene_01104,31,31,24,19,27,33,25,37,39,28
gene_01105,28,32,13,14,17,14,17,26,36,22
gene_01106,19,17,7,14,21,17,10,14,12,20
gene_01107,23,27,7,3,13,22,19,32,23,21
gene_01108,15,21,11,17,14,11,10,26,6,17
gene_01109,29,33,38,51,65,26,49,52,58,56
gene_01110,12,18,12,19,20,14,16,28,23,27
gene_01111,13,14,15,14,21,12,13,34,12,16
gene_01112,9,6,6,7,1,3,6,17,15,7
gene_01113,16,24,11,19,9,9,29,23,17,15
gene_01114,14,14,19,8,19,3,7,24,9,11
gene_01115,38,17,15,17,6,9,7,35,31,26
gene_01116,78,49,27,54,43,29,62,60,77,94
gene_01117,44,43,27,29,22,6,7,9,11,13
gene_01118,45,38,25,20,47,32,40,80,37,39
gene_01119,38,67,12,25,25,34,29,67,14,51
gene_01120,21,38,20,18,30,12,32,18,30,32
gene_01121,13,17,23,13,13,11,15,19,23,19
gene_01122,38,5,18,14,20,18,13,22,13,26
gene_01123,35,56,48,61,38,30,43,87,50,42
gene_01124,17,15,6,6,3,3,5,6,7,6
gene_01125,116,84,71,67,68,69,79,182,62,127
gene_01126,21,21,11,22,26,15,9,34,29,34
gene_01127,10,8,10,7,18,6,4,6,6,16
gene_01128,17,22,15,13,4,5,7,14,10,10
gene_01129,16,16,11,17,10,9,6,24,11,30
gene_01130,34,19,24,31,27,2,7,11,0,8
gene_01131,6,16,5,5,10,42,35,56,31,47
gene_01132,72,92,45,46,58,62,73,78,89,38
gene_01133,18,11,4,4,9,8,3,15,13,15
gene_01134,1,4,1,2,5,5,1,3,0,1
gene_01135,25,6,7,3,14,7,14,15,9,14
gene_01136,6,3,1,4,3,1,1,6,3,4
gene_01137,34,21,16,14,32,24,7,41,19,15
gene_01138,58,89,60,84,59,61,37,115,52,86
gene_01139,88,38,41,56,33,57,24,45,42,46
gene_01140,12,6,8,2,6,8,6,14,5,13
gene_01141,18,11,4,7,7,15,9,6,17,5
gene_01142,119,53,48,60,102,143,101,253,122,182
gene_01143,26,14,23,15,39,24,26,96,18,62
gene_01144,46,25,21,25,24,9,36,19,19,25
gene_01145,119,36,48,65,41,69,33,99,42,86
gene_01146,264,406,245,244,204,164,223,383,247,367
gene_01147,60,73,55,82,103,80,62,87,102,105
gene_01148,40,29,11,23,26,15,6,40,43,29
gene_01149,49,50,28,28,31,40,27,49,19,36
gene_01150,38,47,32,43,43,37,34,66,34,63
gene_01151,11,10,12,11,11,12,13,23,8,11
gene_01152,6,13,8,7,9,6,4,13,14,11
gene_01153,25,23,23,33,20,26,18,25,9,23
gene_01154,18,6,7,17,8,11,9,12,15,14
gene_01155,15,18,11,16,11,9,11,21,25,27
gene_01156,44,40,12,25,32,18,19,34,23,14
gene_01157,210,398,168,138,131,887,439,2280,752,2220
gene_01158,10,12,11,12,9,7,9,8,14,6
gene_01159,34,11,17,17,18,15,21,13,31,28
gene_01160,21,34,10,13,17,37,17,18,10,12
gene_01161,55,24,21,35,35,24,37,38,48,45
gene_01162,67,76,36,126,46,31,22,93,85,77
gene_01163,10,17,9,14,7,17,13,31,18,10
gene_01164,6,14,8,9,13,10,10,16,11,20
gene_01165,4,3,2,5,1,4,2,7,2,3
gene_01166,12,5,9,8,1,5,5,15,2,10
gene_01167,29,50,15,45,15,26,28,33,52,55
gene_01168,10,30,17,31,16,20,25,31,37,8
gene_01169,8,20,3,9,4,2,7,16,12,7
gene_01170,31,23,9,16,20,6,12,7,9,17
gene_01171,19,30,26,21,41,20,19,38,19,29
gene_01172,52,33,30,13,48,44,30,42,40,21
gene_01173,9,19,5,9,10,13,13,14,16,9
gene_01174,12,10,16,20,13,6,13,22,16,15
gene_01175,5,5,2,3,3,6,1,3,2,7
gene_01176,5,6,3,9,2,6,8,9,7,2
gene_01177,161,97,60,78,49,115,58,196,93,122
gene_01178,4,5,2,1,5,0,0,3,1,5
gene_01179,19,13,9,16,10,15,22,23,12,26
gene_01180,55,29,23,35,36,21,15,33,24,43
gene_01181,8,21,4,8,19,8,18,22,18,19
gene_01182,14,14,4,14,33,6,10,6,9,11
gene_01183,34,32,18,26,20,8,9,19,19,22
gene_01184,33,34,14,13,14,30,15,53,22,15
gene_01185,15,26,18,15,16,19,10,29,19,51
gene_01186,2,6,1,2,7,4,2,3,5,4
gene_01187,16,27,12,12,31,101,63,116,55,88
gene_01188,3,15,15,6,15,6,8,18,8,11
gene_01189,18,22,11,11,9,24,9,21,13,11
gene_01190,43,35,22,11,25,69,44,114,42,64
gene_01191,97,32,24,51,16,42,22,65,17,66
gene_01192,61,45,30,38,100,31,42,16,36,88
gene_01193,20,19,9,5,9,6,6,19,14,19
gene_01194,51,45,44,50,69,149,127,294,226,274
gene_01195,62,89,47,56,65,49,88,151,64,128
gene_01196,95,83,52,49,77,74,36,121,25,106
gene_01197,64,132,48,63,139,119,102,149,86,150
gene_01198,35,25,18,10,28,17,24,13,13,26
gene_01199,21,18,10,12,10,9,15,10,13,18
gene_01200,60,81,36,34,26,32,25,75,40,64
gene_01201,4,4,5,4,3,4,1,11,7,5
gene_01202,32,52,19,26,31,25,20,31,45,31
gene_01203,29,11,11,7,12,14,17,10,10,18
gene_01204,27,24,2,6,14,7,9,7,29,11
gene_01205,4,1,4,5,4,4,2,5,1,7
gene_01206,9,9,3,9,15,21,10,13,9,14
gene_01207,38,37,16,23,10,12,17,59,25,25
gene_01208,61,75,38,48,54,46,43,65,58,36
gene_01209,52,49,45,68,76,54,44,68,61,128
gene_01210,63,28,15,10,26,15,28,32,35,31
gene_01211,15,27,12,11,9,29,8,36,26,27
gene_01212,19,20,10,10,12,15,10,6,9,10
gene_01213,61,37,34,43,28,29,19,48,53,55
gene_01214,14,14,18,15,13,3,4,30,15,21
gene_01215,50,62,42,36,38,33,42,106,68,32
gene_01216,305,173,59,124,134,158,91,192,178,152
gene_01217,10,10,13,15,18,14,8,21,20,26
gene_01218,9,3,5,2,4,9,3,4,7,4
gene_01219,16,24,9,7,6,9,10,10,11,14
gene_01220,15,6,7,7,7,5,4,2,8,7
gene_01221,12,4,3,4,2,13,12,10,17,8
gene_01222,79,95,61,56,49,102,30,109,88,34
gene_01223,15,44,21,26,11,19,33,40,22,31
gene_01224,7,6,6,5,9,8,0,6,3,10
gene_01225,77,30,32,50,34,7,12,6,13,14
gene_01226,74,100,105,86,131,26,22,27,23,49
gene_01227,20,17,8,20,15,25,4,8,19,22
gene_01228,13,29,8,7,8,12,7,15,8,9
gene_01229,24,12,10,18,18,15,18,14,10,24
gene_01230,29,42,40,43,30,57,25,39,67,65
gene_01231,65,56,35,35,18,31,29,43,48,58
gene_01232,66,54,42,59,73,109,69,53,81,117
gene_01233,75,175,37,64,104,44,44,79,65,63
gene_01234,85,66,46,71,74,60,39,81,96,101
gene_01235,176,60,49,57,84,13,20,24,13,15
gene_01236,84,77,34,50,26,17,8,8,12,11
gene_01237,12,9,6,4,5,7,3,9,4,9
gene_01238,36,23,14,6,20,25,24,27,16,16
gene_01239,45,43,23,39,35,17,30,63,23,45
gene_01240,24,22,14,11,18,14,6,31,4,31
gene_01241,41,109,55,44,39,52,50,67,48,43
gene_01242,17,16,14,5,9,10,4,9,4,13
gene_01243,18,7,9,6,15,13,4,4,14,19
gene_01244,95,125,50,130,107,99,96,128,132,107
gene_01245,87,59,33,28,37,33,43,81,67,53
gene_01246,21,28,21,26,27,18,29,40,28,37
gene_01247,66,110,46,32,43,50,39,115,39,60
gene_01248,81,119,33,93,57,127,63,64,82,89
gene_01249,52,52,32,39,33,29,20,34,39,33
gene_01250,7,6,4,2,0,1,0,1,3,0
gene_01251,17,10,4,4,7,8,6,27,17,9
gene_01252,27,22,9,8,6,4,5,25,12,13
gene_01253,28,14,11,4,12,6,5,2,8,13
gene_01254,19,54,16,11,19,23,29,38,37,31
gene_01255,98,51,42,57,80,51,40,123,58,53
gene_01256,19,12,8,12,8,24,11,11,16,15
gene_01257,7,7,3,5,4,1,8,3,2,14
gene_01258,200,108,75,133,190,117,184,118,154,165
gene_01259,31,16,9,12,10,8,12,19,18,24
gene_01260,1,12,2,6,1,6,5,8,3,3
gene_01261,33,45,18,26,30,31,34,61,31,23
gene_01262,45,38,37,44,48,8,3,3,8,22
gene_01263,13,13,8,12,15,6,0,4,5,5
gene_01264,59,65,34,38,34,187,193,308,254,406
gene_01265,5,14,11,10,7,9,8,25,12,17
gene_01266,21,7,3,5,20,4,9,11,9,8
gene_01267,22,24,32,20,12,29,11,40,17,30
gene_01268,60,41,30,58,58,33,40,40,47,71
gene_01269,24,8,5,7,10,16,5,16,5,24
gene_01270,30,41,13,33,28,39,29,62,27,52
gene_01271,26,15,10,8,12,27,28,16,19,27
gene_01272,550,474,208,250,472,281,358,342,459,689
gene_01273,16,11,5,21,5,19,14,12,7,8
gene_01274,128,53,73,103,103,86,112,113,72,125
gene_01275,22,14,19,9,22,14,29,41,18,34
gene_01276,18,20,25,20,17,12,18,43,12,18
gene_01277,53,49,19,32,29,47,47,54,32,26
gene_01278,66,125,53,45,49,55,25,57,54,69
gene_01279,63,95,64,93,73,99,70,123,27,119
gene_01280,35,36,13,27,30,13,30,38,58,51
gene_01281,3,5,11,9,14,8,15,17,12,14
gene_01282,16,20,2,16,17,13,8,13,10,20
gene_01283,39,47,27,40,19,37,29,68,61,22
gene_01284,41,34,30,27,53,37,32,36,29,43
gene_01285,36,100,76,55,81,68,74,96,90,69
gene_01286,38,38,33,26,36,44,44,22,20,51
gene_01287,103,76,54,60,79,65,73,60,103,60
gene_01288,195,136,36,50,120,87,50,54,144,149
gene_01289,20,29,10,25,35,69,89,137,65,82
gene_01290,11,7,2,1,6,6,4,7,5,5
gene_01291,10,6,5,2,4,2,7,7,5,6
gene_01292,5,13,4,5,4,6,7,1,11,12
gene_01293,121,142,79,68,122,75,50,139,96,124
gene_01294,7,21,7,6,8,4,8,10,6,16
gene_01295,125,66,38,117,32,47,42,131,87,139
gene_01296,48,51,32,26,26,30,27,79,48,66
gene_01297,137,117,95,90,102,77,145,130,131,127
gene_01298,81,151,47,73,61,53,69,64,55,81
gene_01299,40,20,10,25,14,26,9,20,20,28
gene_01300,40,25,3,4,12,16,28,14,11,17
gene_01301,34,34,11,27,30,28,12,22,19,11
gene_01302,46,33,16,20,25,26,21,16,18,28
gene_01303,16,18,8,12,18,7,11,15,8,20
gene_01304,31,19,23,15,14,80,24,67,29,54
gene_01305,144,140,41,58,156,57,142,172,73,196
gene_01306,3,13,4,2,3,6,3,4,2,2
gene_01307,32,32,21,20,44,25,34,32,33,29
gene_01308,5,11,5,5,4,6,2,19,7,6
gene_01309,51,33,17,11,28,7,34,39,22,37
gene_01310,32,97,35,36,65,45,39,56,58,123
gene_01311,32,35,13,16,26,28,25,35,15,28
gene_01312,80,37,17,68,65,56,17,53,65,24
gene_01313,6,4,1,4,2,2,6,11,0,4
gene_01314,72,89,93,44,70,27,16,143,96,43
gene_01315,22,4,4,9,10,9,7,18,15,6
gene_01316,59,38,41,10,58,9,14,18,18,12
gene_01317,34,65,13,30,23,39,21,24,34,38
gene_01318,0,2,1,2,1,1,0,4,2,1
gene_01319,11,22,7,5,12,4,4,14,10,7
gene_01320,28,41,11,21,24,17,26,55,49,42
gene_01321,91,118,43,80,82,74,112,186,177,178
gene_01322,38,38,19,31,23,28,27,36,52,43
gene_01323,45,34,16,46,21,15,26,30,24,26
gene_01324,19,3,5,0,2,13,2,4,6,5
gene_01325,108,187,64,65,62,64,54,178,100,33
gene_01326,162,246,94,126,113,132,81,109,74,155
gene_01327,47,21,16,8,28,13,17,22,27,48
gene_01328,23,18,16,14,13,9,19,25,11,26
gene_01329,4,2,3,2,12,6,2,8,3,4
gene_01330,81,43,26,49,48,51,25,31,68,39
gene_01331,313,287,241,350,572,313,256,427,327,314
gene_01332,81,54,32,33,62,62,37,79,23,67
gene_01333,212,125,45,63,64,61,43,112,112,152
gene_01334,42,28,28,48,28,19,4,19,9,17
gene_01335,13,19,14,8,9,9,6,7,2,14
gene_01336,124,154,63,64,67,49,48,85,92,185
gene_01337,21,5,2,9,2,7,6,11,3,3
gene_01338,21,22,10,10,23,27,10,24,7,38
gene_01339,36,22,32,35,28,21,16,36,22,39
gene_01340,88,58,32,32,37,83,59,88,92,90
gene_01341,35,33,26,20,40,34,28,45,47,28
gene_01342,33,26,26,35,35,17,35,29,28,30
gene_01343,12,14,11,7,9,10,10,14,16,8
gene_01344,9,7,2,7,9,7,6,15,4,4
gene_01345,45,25,19,29,22,20,17,34,37,27
gene_01346,12,17,8,11,6,4,9,9,10,14
gene_01347,7,4,2,3,5,3,5,10,9,12
gene_01348,6,7,5,5,5,7,4,9,4,8
gene_01349,33,16,16,12,15,6,5,13,9,2
gene_01350,3,6,2,8,1,1,3,4,3,1
gene_01351,8,6,5,4,4,9,6,2,11,10
gene_01352,9,7,7,3,7,2,5,4,4,11
gene_01353,31,44,16,35,39,32,22,36,48,54
gene_01354,32,28,20,24,33,33,27,64,25,46
gene_01355,170,204,139,210,124,90,172,296,202,293
gene_01356,5,4,0,6,6,7,3,1,4,7
gene_01357,8,16,7,10,12,8,2,10,11,13
gene_01358,99,103,33,40,73,45,61,38,55,102
gene_01359,20,34,29,15,17,17,18,21,27,20
gene_01360,18,17,12,14,23,19,12,20,11,20
gene_01361,239,199,161,122,126,82,81,185,147,134
gene_01362,18,18,13,7,17,19,8,21,26,19
gene_01363,11,10,8,10,9,5,4,4,14,6
gene_01364,11,2,7,3,4,7,2,5,5,7
gene_01365,43,51,22,40,26,35,18,24,15,51
gene_01366,59,46,27,24,33,35,34,55,32,58
gene_01367,7,4,4,4,2,9,2,2,21,5
gene_01368,6,6,9,4,2,10,10,8,6,8
gene_01369,45,88,18,25,41,53,18,59,30,79
gene_01370,42,58,31,22,30,25,32,68,51,40
gene_01371,18,9,8,13,10,5,6,15,18,33
gene_01372,58,80,40,50,68,36,46,38,55,23
gene_01373,88,50,13,52,17,52,32,80,27,73
gene_01374,2,6,1,4,3,3,1,3,3,0
gene_01375,18,21,10,22,16,16,11,32,17,15
gene_01376,30,56,18,23,38,25,25,57,48,26
gene_01377,9,11,10,22,13,15,4,15,11,27
gene_01378,4,5,2,1,2,4,1,2,4,0
gene_01379,11,41,11,10,8,15,23,18,17,23
gene_01380,36,122,55,40,24,52,46,83,33,80
gene_01381,193,98,114,87,143,88,228,406,149,258
gene_01382,2,3,4,5,3,3,1,4,0,5
gene_01383,202,327,224,365,191,185,293,334,261,330
gene_01384,7,10,6,8,14,6,8,10,9,5
gene_01385,70,106,42,76,35,59,26,112,70,53
gene_01386,66,99,58,75,96,43,91,159,115,80
gene_01387,80,109,36,38,43,33,61,128,54,157
gene_01388,20,14,19,18,33,20,33,62,54,27
gene_01389,15,8,6,6,6,8,2,9,7,9
gene_01390,58,25,29,55,38,22,41,30,62,66
gene_01391,21,4,4,6,8,10,9,6,10,17
gene_01392,2,0,2,2,0,4,2,0,1,1
gene_01393,350,489,177,349,457,237,302,571,468,411
gene_01394,66,47,16,71,28,61,30,81,30,45
gene_01395,158,203,121,127,146,307,210,367,407,403
gene_01396,12,13,3,6,3,7,10,22,16,5
gene_01397,236,91,57,79,108,160,86,103,95,76
gene_01398,219,128,100,77,113,117,77,219,156,127
gene_01399,176,121,65,71,81,78,142,96,75,24
gene_01400,29,31,8,15,23,18,34,36,23,13
gene_01401,7,11,4,5,8,4,4,14,8,5
gene_01402,18,13,9,29,10,11,10,19,26,15
gene_01403,3,2,1,2,3,3,0,3,8,3
gene_01404,5,9,3,6,5,2,4,7,8,1
gene_01405,55,28,9,13,37,15,22,40,12,21
gene_01406,11,11,5,2,11,4,7,6,10,6
gene_01407,31,11,21,37,23,15,15,31,14,13
gene_01408,20,45,15,20,15,35,12,42,16,40
gene_01409,242,141,115,145,194,231,93,246,136,133
gene_01410,107,84,22,34,36,89,36,166,154,105
gene_01411,30,27,19,5,15,18,29,5,43,17
gene_01412,106,70,40,58,136,37,58,73,80,85
gene_01413,16,17,3,16,8,17,6,14,10,14
gene_01414,14,23,7,8,29,5,19,20,12,22
gene_01415,96,74,20,43,64,49,67,37,42,69
gene_01416,6,9,3,7,3,6,9,7,3,7
gene_01417,15,21,21,9,11,15,10,16,23,18
gene_01418,11,18,3,1,5,3,4,2,4,9
gene_01419,26,49,20,19,16,105,35,82,110,88
gene_01420,166,123,54,75,111,113,96,162,150,132
gene_01421,22,19,13,12,13,23,25,30,24,27
gene_01422,51,36,24,29,34,21,15,24,52,25
gene_01423,23,10,19,11,5,6,3,10,10,3
gene_01424,9,14,3,5,7,3,11,13,10,7
gene_01425,5,7,3,4,2,0,0,2,0,2
gene_01426,102,59,77,59,117,79,77,68,117,110
gene_01427,334,197,162,220,246,281,141,316,216,160
gene_01428,52,37,29,40,24,22,19,56,38,56
gene_01429,4,12,13,12,14,5,7,36,5,20
gene_01430,39,60,35,41,59,34,21,43,70,25
gene_01431,32,17,16,15,11,6,10,39,25,16
gene_01432,68,67,48,50,46,18,77,65,61,45
gene_01433,25,48,15,29,37,27,17,29,33,40
gene_01434,29,39,23,37,54,11,27,54,33,30
gene_01435,40,45,42,50,62,20,29,88,46,51
gene_01436,15,12,16,3,13,2,6,2,0,6
gene_01437,9,13,9,19,25,5,1,7,0,5
gene_01438,5,2,0,3,4,6,2,7,3,1
gene_01439,13,18,16,4,21,65,42,64,60,40
gene_01440,8,6,7,5,2,5,0,9,6,5
gene_01441,18,23,7,18,12,18,11,32,13,14
gene_01442,11,12,7,9,11,6,7,10,7,18
gene_01443,23,36,26,23,26,80,50,95,112,101
gene_01444,33,52,36,20,22,23,18,63,31,22
gene_01445,2,12,4,1,4,7,3,13,8,8
gene_01446,12,14,9,4,5,11,16,10,7,10
gene_01447,14,9,5,10,7,3,9,6,7,4
gene_01448,52,64,24,35,23,44,22,45,92,47
gene_01449,213,225,97,85,156,178,116,99,85,134
gene_01450,65,81,40,49,44,207,144,256,125,148
gene_01451,49,18,7,15,29,13,6,20,22,7
gene_01452,129,142,74,72,141,68,28,132,65,56
gene_01453,4,14,2,2,5,5,2,4,3,5
gene_01454,130,186,89,85,39,131,60,140,82,164
gene_01455,17,8,12,13,11,8,4,22,10,16
gene_01456,1,5,1,1,1,0,0,1,1,1
gene_01457,355,328,237,207,344,207,253,524,470,475
gene_01458,94,117,64,90,70,80,39,159,117,139
gene_01459,17,1,5,11,9,14,6,5,10,16
gene_01460,57,37,21,30,35,20,14,26,24,30
gene_01461,32,14,31,12,9,106,65,93,119,93
gene_01462,32,31,16,41,10,23,16,26,33,24
gene_01463,7,15,5,6,3,0,2,6,5,7
gene_01464,8,20,9,8,3,11,10,13,11,21
gene_01465,44,36,17,26,51,48,31,83,22,55
gene_01466,33,36,11,17,29,32,37,38,28,43
gene_01467,135,95,46,67,70,40,46,96,56,98
gene_01468,23,24,16,32,20,10,14,40,24,30
gene_01469,215,192,176,244,251,239,181,204,258,213
gene_01470,14,12,11,15,9,13,3,8,7,26
gene_01471,16,31,16,43,19,34,23,39,38,31
gene_01472,5,7,0,7,1,5,0,3,0,4
gene_01473,6,7,9,6,10,7,5,5,8,4
gene_01474,158,90,32,45,83,53,106,81,107,95
gene_01475,6,8,5,13,14,9,8,9,9,12
gene_01476,42,23,28,25,45,48,16,59,48,33
gene_01477,20,15,9,16,18,8,22,18,18,10
gene_01478,3,5,10,3,8,7,8,16,14,1
gene_01479,14,13,6,14,29,7,11,15,16,32
gene_01480,20,10,3,9,12,12,14,14,20,23
gene_01481,21,17,14,6,13,14,7,28,10,24
gene_01482,41,43,33,30,62,40,39,41,32,64
gene_01483,58,42,20,31,37,31,21,55,68,95
gene_01484,21,12,10,4,24,13,4,17,18,11
gene_01485,12,19,10,13,14,7,10,11,10,16
gene_01486,27,43,20,20,29,13,16,48,28,59
gene_01487,29,14,28,16,21,11,20,15,33,50
gene_01488,96,76,49,56,49,22,19,39,26,36
gene_01489,511,427,398,196,308,587,157,527,287,309
gene_01490,79,55,21,51,40,46,32,95,45,69
gene_01491,22,30,22,5,37,22,11,28,24,17
gene_01492,29,23,7,20,12,25,21,37,26,24
gene_01493,12,8,1,17,11,4,9,20,24,5
gene_01494,15,13,8,20,9,10,6,7,21,8
gene_01495,19,16,7,5,7,8,8,11,5,4
gene_01496,11,16,7,10,17,6,12,10,6,19
gene_01497,15,31,15,9,7,36,45,62,45,31
gene_01498,62,41,9,41,44,50,41,64,56,30
gene_01499,12,16,11,14,9,7,11,20,18,24
gene_01500,16,22,15,18,9,17,11,43,13,25
gene_01501,12,8,6,17,3,3,5,12,12,2
gene_01502,247,112,85,107,193,91,85,91,146,170
gene_01503,65,35,15,33,13,30,24,58,25,52
gene_01504,123,199,101,91,147,31,29,71,65,55
gene_01505,30,43,39,55,34,26,60,37,50,59
gene_01506,113,103,114,146,91,113,152,84,89,166
gene_01507,37,17,9,13,24,5,3,12,4,8
gene_01508,60,30,32,48,38,7,30,5,11,5
gene_01509,551,430,158,206,341,447,190,686,320,601
gene_01510,5,9,2,4,3,8,3,5,4,9
gene_01511,112,57,136,79,32,37,39,117,26,54
gene_01512,204,86,57,153,91,51,106,155,168,170
gene_01513,44,49,32,30,22,41,34,54,30,48
gene_01514,107,27,20,35,91,46,60,150,58,196
gene_01515,109,196,53,58,77,69,101,175,62,97
gene_01516,25,14,8,7,7,13,5,8,10,11
gene_01517,28,19,22,19,49,35,26,36,11,27
gene_01518,3,8,5,10,11,7,8,15,14,8
gene_01519,4,6,2,9,17,11,12,12,7,10
gene_01520,17,6,12,7,5,13,9,10,18,17
gene_01521,17,35,3,10,17,14,10,32,15,22
gene_01522,29,33,24,28,22,14,24,58,27,27
gene_01523,42,36,16,40,32,22,34,38,23,30
gene_01524,7,4,7,4,6,5,2,4,6,1
gene_01525,305,163,133,185,176,256,129,189,216,259
gene_01526,111,111,52,71,73,111,61,89,93,57
gene_01527,22,48,13,26,23,38,21,27,87,61
gene_01528,11,17,8,16,18,17,10,16,9,5
gene_01529,7,24,13,20,17,11,17,34,33,48
gene_01530,54,39,26,42,57,43,40,43,63,58
gene_01531,38,53,46,48,49,34,29,55,57,41
gene_01532,7,5,2,3,2,4,2,5,0,5
gene_01533,43,25,31,45,40,55,25,81,39,53
gene_01534,512,894,334,343,418,568,438,516,404,828
gene_01535,5,4,2,1,7,1,1,1,2,3
gene_01536,97,45,107,33,48,47,70,95,51,93
gene_01537,31,58,33,25,23,33,38,43,47,44
gene_01538,20,15,39,18,15,13,20,35,15,28
gene_01539,58,99,50,99,62,103,66,118,101,101
gene_01540,12,8,6,5,8,2,3,11,7,12
gene_01541,13,32,17,24,34,16,25,37,12,33
gene_01542,121,160,127,143,63,120,57,89,65,193
gene_01543,23,35,22,19,23,11,18,28,37,12
gene_01544,10,10,7,12,9,5,10,6,18,16
gene_01545,11,22,21,23,21,13,9,28,16,15
gene_01546,15,13,20,4,15,8,14,8,8,17
gene_01547,180,129,124,112,116,117,102,195,103,132
gene_01548,9,19,6,10,5,14,16,13,11,14
gene_01549,69,90,31,41,55,47,26,113,42,75
gene_01550,12,15,6,2,7,7,6,17,7,6
gene_01551,109,102,32,37,37,63,63,39,56,57
gene_01552,13,22,7,30,22,47,50,81,33,58
gene_01553,0,2,0,1,2,0,2,1,3,4
gene_01554,39,21,8,16,15,10,11,24,24,22
gene_01555,14,4,4,3,5,9,8,13,7,5
gene_01556,22,21,7,9,10,6,18,19,19,26
gene_01557,129,92,110,105,48,118,82,135,102,145
gene_01558,18,5,9,7,6,7,10,4,11,9
gene_01559,5,2,4,5,7,10,7,16,13,11
gene_01560,146,165,52,96,50,55,93,105,152,191
gene_01561,16,54,19,25,25,34,21,35,27,49
gene_01562,175,173,96,58,188,102,96,149,136,132
gene_01563,46,29,33,26,23,41,25,24,54,38
gene_01564,16,10,4,15,4,5,7,9,6,6
gene_01565,9,23,12,14,21,10,10,15,28,13
gene_01566,107,76,41,93,48,81,105,41,69,101
gene_01567,71,53,44,50,45,31,43,72,88,63
gene_01568,27,17,11,9,20,24,17,32,32,11
gene_01569,27,31,6,21,36,9,28,40,17,25
gene_01570,13,42,8,29,12,12,24,19,11,17
gene_01571,23,6,10,14,18,18,14,49,42,36
gene_01572,122,114,142,148,174,108,180,188,101,169
gene_01573,34,37,13,8,15,20,12,38,31,30
gene_01574,14,10,0,7,5,3,7,11,8,13
gene_01575,11,11,9,18,14,16,8,18,20,13
gene_01576,114,72,8,50,57,31,57,56,49,85
gene_01577,47,34,37,53,47,54,37,70,36,48
gene_01578,22,14,13,8,16,12,14,48,16,19
gene_01579,16,8,7,9,6,3,4,23,16,16
gene_01580,42,43,23,33,13,33,17,18,27,17
gene_01581,4,3,5,5,4,4,3,8,1,4
gene_01582,2,6,4,2,7,3,6,2,5,10
gene_01583,74,55,40,59,60,48,38,60,57,54
gene_01584,14,9,13,19,17,18,13,16,17,26
gene_01585,36,19,27,14,30,101,106,160,132,156
gene_01586,158,55,52,51,117,48,52,108,62,64
gene_01587,46,37,26,53,57,37,19,97,68,84
gene_01588,45,31,15,13,10,31,28,24,25,22
gene_01589,140,152,127,155,166,73,133,212,294,178
gene_01590,70,37,42,54,30,19,10,47,13,16
gene_01591,17,17,4,28,13,8,11,16,10,17
gene_01592,29,16,53,49,32,36,24,74,49,62
gene_01593,43,60,12,19,23,32,16,30,34,53
gene_01594,11,7,10,7,9,4,3,12,4,19
gene_01595,22,21,10,24,16,24,38,68,12,42
gene_01596,23,13,21,24,18,29,14,25,20,18
gene_01597,10,2,3,3,1,4,1,6,3,3
gene_01598,32,18,13,16,25,25,27,26,23,19
gene_01599,28,26,8,12,18,21,9,22,17,17
gene_01600,14,20,8,25,17,14,14,20,7,23
gene_01601,7,8,2,2,2,3,0,6,1,6
gene_01602,13,18,13,10,12,23,7,13,14,10
gene_01603,11,37,18,15,26,23,7,24,18,61
gene_01604,18,31,19,24,41,32,34,90,55,41
gene_01605,14,13,7,8,6,6,12,7,6,10
gene_01606,58,68,36,23,57,11,19,65,42,30
gene_01607,8,11,4,4,6,3,5,10,11,7
gene_01608,29,16,8,9,28,19,17,27,13,13
gene_01609,50,115,62,128,86,127,47,123,128,127
gene_01610,22,14,15,13,10,5,11,11,10,21
gene_01611,22,11,9,16,7,7,6,15,8,17
gene_01612,51,129,23,56,64,43,37,63,41,66
gene_01613,17,16,19,11,12,9,7,17,8,14
gene_01614,15,21,19,25,16,6,4,7,6,2
gene_01615,46,46,13,30,16,28,42,29,61,63
gene_01616,76,84,54,73,72,38,42,54,83,59
gene_01617,3,0,3,3,0,3,2,4,3,1
gene_01618,6,13,14,6,7,10,13,14,9,13
gene_01619,7,6,7,15,15,5,7,16,6,8
gene_01620,8,7,8,6,4,9,5,8,8,8
gene_01621,14,9,8,13,4,3,4,25,25,11
gene_01622,8,8,9,15,17,4,9,13,5,10
gene_01623,37,49,19,37,42,14,8,8,20,13
gene_01624,12,17,4,4,13,5,5,19,4,19
gene_01625,32,21,15,19,30,15,16,16,11,33
gene_01626,63,44,12,19,44,38,34,29,49,69
gene_01627,16,9,4,6,4,9,11,16,12,24
gene_01628,41,27,26,24,18,33,14,37,34,31
gene_01629,172,175,83,69,100,102,64,101,104,99
gene_01630,81,41,17,19,30,51,35,37,45,41
gene_01631,17,14,12,2,14,7,6,8,12,10
gene_01632,29,11,14,7,21,42,39,30,90,83
gene_01633,5,7,9,10,6,8,9,18,16,12
gene_01634,40,50,16,38,44,9,32,57,24,32
gene_01635,67,84,50,62,32,38,65,67,62,43
gene_01636,15,9,5,9,11,6,10,6,4,12
gene_01637,31,21,5,13,21,19,11,19,6,16
gene_01638,64,95,49,23,90,61,31,46,92,92
gene_01639,18,34,9,15,11,39,17,66,27,72
gene_01640,30,23,14,29,23,27,24,52,56,26
gene_01641,12,9,4,6,12,16,6,2,9,10
gene_01642,8,4,8,6,10,10,7,4,4,6
gene_01643,11,13,3,14,6,18,7,19,10,26
gene_01644,257,134,88,149,307,108,98,217,132,179
gene_01645,16,17,13,1,12,23,12,6,15,29
gene_01646,15,11,14,11,19,12,10,14,18,14
gene_01647,10,22,8,16,15,5,6,13,8,26
gene_01648,28,12,11,33,13,20,11,57,21,23
gene_01649,67,61,43,44,27,48,41,43,55,66
gene_01650,48,31,23,18,25,81,111,105,144,172
gene_01651,243,145,143,179,134,58,25,114,68,51
gene_01652,37,29,9,25,16,27,16,20,16,32
gene_01653,140,59,58,69,55,59,36,100,102,156
gene_01654,25,23,16,29,15,19,15,46,32,47
gene_01655,51,80,29,47,85,23,26,42,36,75
gene_01656,9,9,5,4,6,4,4,16,14,25
gene_01657,25,34,20,22,28,20,8,19,17,20
gene_01658,17,24,16,17,18,34,16,36,19,12
gene_01659,21,8,14,14,11,14,34,14,29,22
gene_01660,1,3,2,4,3,1,0,2,1,0
gene_01661,136,46,42,53,76,64,63,60,61,139
gene_01662,18,44,19,15,14,14,24,11,22,24
gene_01663,19,9,19,21,14,25,10,28,17,17
gene_01664,31,23,13,15,11,30,8,17,15,11
gene_01665,31,27,11,11,15,18,14,10,19,10
gene_01666,26,27,23,38,25,32,26,39,28,64
gene_01667,7,4,6,11,6,0,5,9,5,7
gene_01668,8,5,9,4,10,7,6,8,10,6
gene_01669,51,17,19,16,17,41,28,43,19,45
gene_01670,39,28,15,10,18,29,13,29,28,41
gene_01671,13,17,9,8,13,18,9,13,8,25
gene_01672,20,13,13,11,17,9,13,20,7,15
gene_01673,14,9,7,4,9,18,3,10,9,6
gene_01674,25,15,26,51,21,15,9,27,32,35
gene_01675,92,136,95,80,114,125,49,148,67,95
gene_01676,11,6,11,1,4,2,1,1,1,5
gene_01677,153,63,61,89,130,189,236,273,214,451
gene_01678,38,49,38,30,39,20,15,75,49,60
gene_01679,11,13,14,14,13,8,15,22,11,19
gene_01680,80,61,29,53,50,29,78,78,66,102
gene_01681,6,5,2,8,6,7,4,11,4,4
gene_01682,6,12,3,0,6,3,3,14,3,6
gene_01683,12,6,2,8,8,3,8,9,11,2
gene_01684,11,17,14,15,19,16,5,15,19,12
gene_01685,17,15,8,8,12,20,23,8,5,20
gene_01686,21,11,3,14,18,9,7,28,18,10
gene_01687,57,35,19,16,21,18,15,55,32,16
gene_01688,9,4,1,2,0,1,6,6,1,2
gene_01689,67,37,23,56,48,45,16,47,28,59
gene_01690,6,8,7,1,6,4,0,0,2,1
gene_01691,12,20,5,1,6,23,12,9,11,25
gene_01692,21,14,8,23,8,17,22,23,12,28
gene_01693,8,8,2,6,7,2,6,7,6,4
gene_01694,6,2,5,4,9,6,6,4,2,11
gene_01695,9,18,5,9,3,3,7,9,9,10
gene_01696,26,35,16,17,19,35,14,7,26,12
gene_01697,21,64,41,44,63,40,28,50,29,82
gene_01698,35,38,13,47,65,10,7,10,10,9
gene_01699,6,9,5,9,15,15,3,12,10,9
gene_01700,16,11,7,4,5,10,6,4,9,10
gene_01701,29,4,5,7,5,11,16,10,11,11
gene_01702,60,56,22,37,22,24,51,41,34,43
gene_01703,3,9,2,3,1,2,2,2,3,5
gene_01704,125,88,41,84,78,125,59,77,109,117
gene_01705,10,16,15,14,14,18,14,7,10,32
gene_01706,25,10,9,7,4,8,9,22,10,17
gene_01707,32,19,13,21,37,41,16,37,26,32
gene_01708,73,75,57,36,59,105,77,55,59,89
gene_01709,36,34,16,13,40,29,40,42,23,34
gene_01710,40,73,80,38,109,224,220,324,124,179
gene_01711,47,53,21,5,16,12,14,20,33,53
gene_01712,120,155,61,104,125,78,90,88,82,113
gene_01713,126,61,31,30,62,63,68,80,56,51
gene_01714,23,21,13,26,25,30,23,34,24,26
gene_01715,63,134,29,83,63,96,71,93,102,65
gene_01716,56,16,9,23,9,23,32,23,22,22
gene_01717,42,46,26,49,13,13,23,24,26,24
gene_01718,9,14,1,12,12,12,9,13,5,1
gene_01719,18,30,11,9,14,48,30,48,65,46
gene_01720,119,46,24,87,39,161,171,142,137,104
gene_01721,12,6,3,1,4,8,2,6,3,7
gene_01722,55,57,35,22,47,140,134,217,94,162
gene_01723,40,46,38,24,39,13,7,5,8,17
gene_01724,48,26,20,29,35,23,13,51,46,15
gene_01725,0,0,5,0,2,3,1,3,4,6
gene_01726,34,26,24,24,20,16,16,22,18,23
gene_01727,52,42,39,45,25,19,20,47,53,70
gene_01728,11,11,5,16,7,12,7,22,10,15
gene_01729,23,32,15,29,21,22,21,37,24,27
gene_01730,4,0,4,0,1,1,2,4,0,1
gene_01731,105,69,24,43,21,9,14,12,21,6
gene_01732,12,24,1,13,16,10,8,5,9,17
gene_01733,104,43,76,59,49,41,47,84,56,31
gene_01734,7,8,7,5,5,6,0,2,7,7
gene_01735,52,36,36,44,32,24,51,62,44,36
gene_01736,11,25,15,20,16,12,24,17,19,26
gene_01737,60,29,56,44,47,33,27,78,45,32
gene_01738,9,4,3,12,4,5,8,11,8,15
gene_01739,16,8,9,4,9,2,9,11,13,20
gene_01740,240,322,193,184,229,176,167,246,122,253
gene_01741,7,21,5,10,8,2,6,21,9,12
gene_01742,6,18,7,18,8,11,7,23,7,14
gene_01743,20,9,8,13,5,18,13,24,14,18
gene_01744,11,7,4,7,5,2,4,7,5,10
gene_01745,160,149,93,86,57,83,45,58,44,42
gene_01746,90,177,65,124,88,144,92,136,73,133
gene_01747,5,15,13,14,6,7,17,15,17,25
gene_01748,2,2,1,5,2,6,3,5,5,8
gene_01749,155,91,31,62,39,57,55,76,72,122
gene_01750,73,72,117,95,103,73,18,56,59,80
gene_01751,54,42,33,32,62,42,32,78,38,30
gene_01752,92,52,64,62,71,73,54,42,60,86
gene_01753,4,8,6,8,7,7,7,19,20,3
gene_01754,33,30,12,17,25,15,13,19,23,18
gene_01755,7,7,2,5,5,4,6,5,10,9
gene_01756,15,2,1,0,2,2,5,9,6,5
gene_01757,44,63,77,47,30,45,92,64,72,67
gene_01758,23,10,3,9,14,1,9,13,6,21
gene_01759,323,258,91,226,122,209,168,225,311,262
gene_01760,76,11,14,12,14,6,26,27,34,54
gene_01761,15,12,3,11,11,26,8,16,21,11
gene_01762,116,71,11,47,34,44,50,50,46,63
gene_01763,231,136,125,125,97,125,161,271,148,220
gene_01764,37,53,17,43,30,24,28,49,33,48
gene_01765,7,4,4,2,9,8,5,5,10,10
gene_01766,45,34,15,18,25,20,22,36,30,32
gene_01767,100,96,83,107,142,312,214,286,540,315
gene_01768,27,19,7,13,24,10,14,21,11,22
gene_01769,14,23,10,11,5,9,13,11,7,11
gene_01770,29,42,75,28,38,37,59,77,48,94
gene_01771,31,53,26,21,37,35,6,26,23,21
gene_01772,12,8,5,6,10,8,3,7,5,11
gene_01773,26,23,32,14,5,20,11,17,10,20
gene_01774,25,12,4,6,11,8,10,10,8,11
gene_01775,44,52,14,36,12,53,22,35,39,29
gene_01776,17,28,29,28,16,18,21,46,13,18
gene_01777,57,74,53,74,61,95,111,75,81,69
gene_01778,56,46,36,26,25,54,19,73,31,52
gene_01779,4,3,3,9,5,4,5,6,4,5
gene_01780,62,19,21,33,41,31,59,47,31,22
gene_01781,69,87,31,33,38,58,51,40,70,43
gene_01782,66,47,15,30,35,31,44,56,54,40
gene_01783,97,54,31,55,24,102,149,141,171,210
gene_01784,18,12,13,8,7,7,22,21,16,21
gene_01785,17,7,5,12,10,11,8,6,10,12
gene_01786,62,101,13,51,100,75,61,216,142,74
gene_01787,14,12,5,5,7,17,3,5,15,14
gene_01788,1,3,0,3,2,3,6,3,2,4
gene_01789,119,116,35,70,78,43,48,72,72,73
gene_01790,13,5,6,7,9,10,15,17,13,18
gene_01791,15,40,24,14,14,15,12,36,8,30
gene_01792,3,0,16,2,1,2,6,10,8,5
gene_01793,4,2,3,3,7,17,12,15,13,16
gene_01794,4,10,10,4,6,9,5,8,12,15
gene_01795,12,24,19,11,21,14,5,23,16,17
gene_01796,38,51,23,22,17,26,17,28,21,34
gene_01797,3,4,2,3,1,1,1,4,3,1
gene_01798,39,70,30,20,35,82,57,137,76,131
gene_01799,12,7,8,4,3,10,3,12,3,7
gene_01800,11,13,6,2,7,10,9,5,6,9
gene_01801,44,44,21,43,26,31,34,75,32,53
gene_01802,24,23,19,17,12,31,15,45,14,8
gene_01803,6,5,4,1,10,6,1,2,9,3
gene_01804,156,195,93,97,76,108,84,231,161,225
gene_01805,8,10,5,12,4,5,8,5,27,11
gene_01806,36,25,24,11,10,32,38,47,30,65
gene_01807,18,15,37,46,20,25,20,19,39,25
gene_01808,102,85,69,79,75,123,59,67,104,73
gene_01809,24,14,9,11,12,11,14,23,12,7
gene_01810,140,108,57,51,67,54,36,124,52,72
gene_01811,9,19,12,5,7,12,7,12,23,15
gene_01812,127,94,41,43,68,34,70,62,48,86
gene_01813,9,22,8,12,7,5,11,10,14,12
gene_01814,37,32,15,12,10,11,16,41,21,26
gene_01815,206,198,97,149,199,111,93,221,116,325
gene_01816,26,27,32,13,36,22,34,45,35,49
gene_01817,30,15,31,28,17,17,13,49,24,21
gene_01818,288,335,126,144,96,141,140,220,246,428
gene_01819,52,39,10,35,24,24,35,29,26,28
gene_01820,16,12,13,9,8,13,8,10,14,4
gene_01821,86,95,31,39,40,63,33,94,33,69
gene_01822,9,8,2,3,6,7,3,8,8,6
gene_01823,125,84,68,71,45,93,62,112,103,114
gene_01824,173,102,44,96,87,52,79,86,80,41
gene_01825,28,5,14,7,9,9,11,25,8,7
gene_01826,12,27,7,9,7,5,12,28,21,14
gene_01827,43,41,22,28,37,27,43,54,14,55
gene_01828,23,24,23,14,17,19,12,15,29,30
gene_01829,10,6,10,3,0,6,1,11,9,9
gene_01830,62,50,22,46,24,47,49,50,24,18
gene_01831,4,2,5,2,3,2,2,13,4,1
gene_01832,14,17,12,4,11,17,16,7,11,30
gene_01833,17,31,7,17,21,6,14,20,23,23
gene_01834,40,18,16,18,10,14,17,24,26,17
gene_01835,45,25,7,25,37,37,19,68,10,46
gene_01836,8,4,4,7,7,8,9,13,2,13
gene_01837,71,66,19,28,53,54,26,92,20,30
gene_01838,27,28,10,29,19,14,13,29,39,25
gene_01839,12,26,3,20,12,5,7,16,20,11
gene_01840,9,5,0,3,10,7,4,10,4,9
gene_01841,7,8,4,8,10,4,11,9,9,7
gene_01842,38,52,24,17,52,30,19,62,61,25
gene_01843,13,12,8,3,5,9,8,5,14,19
gene_01844,29,31,40,18,16,11,18,24,20,17
gene_01845,107,92,55,63,135,77,43,65,57,51
gene_01846,94,93,67,60,103,111,105,62,94,102
gene_01847,133,154,93,141,130,102,109,137,118,121
gene_01848,32,24,12,12,22,12,22,17,16,9
gene_01849,6,11,5,10,4,10,3,15,10,7
gene_01850,102,101,63,59,41,52,81,51,47,111
gene_01851,43,40,9,26,26,26,28,34,38,23
gene_01852,61,103,45,38,56,172,188,305,188,171
gene_01853,39,23,19,12,24,21,14,24,27,19
gene_01854,106,73,80,85,59,85,95,139,62,70
gene_01855,117,56,68,33,68,75,93,125,41,82
gene_01856,40,59,33,30,45,23,23,74,23,57
gene_01857,35,56,31,22,15,37,12,82,25,34
gene_01858,66,49,38,19,21,15,20,43,27,64
gene_01859,53,42,12,21,20,37,37,37,42,52
gene_01860,43,26,25,15,56,33,24,31,16,22
gene_01861,52,78,36,54,69,73,52,56,54,94
gene_01862,26,24,9,13,7,16,8,18,6,22
gene_01863,93,93,64,156,147,108,189,144,114,134
gene_01864,34,13,16,23,12,18,3,33,13,28
gene_01865,78,29,49,87,58,17,35,72,46,54
gene_01866,24,37,20,21,22,25,16,37,18,24
gene_01867,31,12,17,14,17,14,6,14,29,14
gene_01868,171,272,111,106,191,134,176,127,230,220
gene_01869,14,14,5,23,11,15,6,25,4,16
gene_01870,14,9,8,8,1,1,0,5,1,2
gene_01871,10,13,15,14,12,11,8,20,8,18
gene_01872,16,17,8,20,12,10,11,28,24,22
gene_01873,294,180,122,92,195,116,188,157,217,261
gene_01874,47,33,10,23,30,33,33,42,49,34
gene_01875,124,74,30,58,68,52,45,79,66,107
gene_01876,6,8,8,5,8,8,4,12,14,6
gene_01877,32,34,21,22,29,27,29,66,46,25
gene_01878,51,36,41,74,42,42,18,71,46,39
gene_01879,199,146,104,99,109,166,157,137,160,134
gene_01880,13,7,2,16,12,9,5,16,8,23
gene_01881,58,57,35,55,51,131,73,257,62,89
gene_01882,42,72,29,26,11,29,16,49,46,43
gene_01883,4,10,7,5,4,6,7,10,3,15
gene_01884,33,19,15,18,8,35,17,29,24,28
gene_01885,22,35,22,9,18,17,19,24,26,27
gene_01886,0,5,2,2,1,1,0,4,1,1
gene_01887,96,27,33,32,21,16,67,38,30,33
gene_01888,45,60,16,41,23,28,15,49,39,38
gene_01889,31,9,19,18,21,16,19,26,22,10
gene_01890,13,5,5,7,10,2,3,7,6,6
gene_01891,100,137,73,76,71,122,130,150,79,84
gene_01892,36,21,35,20,37,24,16,16,27,34
gene_01893,66,72,45,34,69,49,41,58,53,82
gene_01894,129,120,78,82,134,13,34,26,22,14
gene_01895,28,14,12,7,17,19,18,20,13,12
gene_01896,85,72,53,53,25,63,41,67,38,35
gene_01897,30,21,18,9,15,13,15,25,27,20
gene_01898,28,24,22,12,12,17,17,10,28,22
gene_01899,14,24,14,11,14,14,13,23,18,20
gene_01900,34,20,21,14,18,14,10,34,25,19
gene_01901,56,81,56,54,55,82,76,78,47,166
gene_01902,26,38,8,14,31,16,16,30,49,44
gene_01903,29,34,12,16,16,10,24,22,15,15
gene_01904,17,14,9,17,20,15,6,20,15,13
gene_01905,21,34,15,25,32,36,8,19,64,30
gene_01906,11,8,12,5,7,10,9,5,14,18
gene_01907,14,6,14,16,22,12,14,18,7,7
gene_01908,39,16,9,23,16,28,17,18,19,27
gene_01909,16,12,12,6,12,22,16,20,14,17
gene_01910,20,30,13,4,33,22,27,15,17,25
gene_01911,22,23,15,8,4,7,6,32,10,30
gene_01912,286,216,202,139,156,103,120,223,110,241
gene_01913,140,130,75,101,96,49,59,72,101,98
gene_01914,54,43,23,27,24,60,28,42,28,44
gene_01915,22,15,16,28,16,21,16,12,21,25
gene_01916,457,368,83,155,189,191,167,230,155,294
gene_01917,46,31,14,36,32,18,30,24,42,45
gene_01918,32,41,30,29,8,23,13,13,31,14
gene_01919,35,46,16,26,41,125,84,149,123,186
gene_01920,26,21,20,33,24,24,29,40,24,42
gene_01921,94,86,50,74,106,123,76,231,63,98
gene_01922,28,24,8,9,16,26,25,23,17,30
gene_01923,255,144,125,105,130,143,194,205,154,406
gene_01924,17,12,9,5,5,6,7,7,11,12
gene_01925,59,111,22,37,37,30,22,72,30,27
gene_01926,10,4,5,8,15,5,9,12,4,13
gene_01927,191,99,54,127,103,114,116,140,138,163
gene_01928,28,16,14,18,23,15,13,16,11,22
gene_01929,32,17,17,13,23,19,20,21,29,17
gene_01930,40,39,40,53,31,63,51,53,42,98
gene_01931,76,122,50,78,54,102,27,191,44,135
gene_01932,3,16,7,6,7,11,3,8,12,5
gene_01933,18,11,8,18,6,12,17,18,8,16
gene_01934,21,4,12,7,3,16,15,27,18,34
gene_01935,33,24,19,9,13,41,12,22,18,27
gene_01936,20,17,10,20,27,9,7,44,31,17
gene_01937,11,15,5,22,13,37,22,15,18,9
gene_01938,12,10,11,7,6,11,7,8,6,19
gene_01939,32,18,14,12,18,35,37,81,45,98
gene_01940,12,11,8,8,18,21,3,21,14,23
gene_01941,54,63,31,30,19,31,39,46,44,36
gene_01942,139,116,81,64,69,95,69,200,80,163
gene_01943,5,9,2,2,3,4,1,3,3,4
gene_01944,29,26,23,9,9,25,19,20,17,9
gene_01945,16,13,14,15,18,7,11,19,12,12
gene_01946,33,62,23,33,37,20,22,39,56,39
gene_01947,8,5,7,7,7,24,7,5,7,10
gene_01948,21,20,17,14,17,0,5,5,1,4
gene_01949,21,7,4,11,19,9,11,11,5,18
gene_01950,89,46,29,22,37,39,33,41,44,37
gene_01951,20,14,16,37,23,12,8,21,18,17
gene_01952,24,23,23,19,29,13,12,26,12,25
gene_01953,24,26,24,29,35,30,23,49,29,12
gene_01954,18,38,17,16,8,18,21,17,16,17
gene_01955,1,0,4,3,5,9,2,8,7,2
gene_01956,57,26,25,34,29,20,28,87,82,39
gene_01957,30,46,35,43,25,10,0,9,5,4
gene_01958,21,18,15,15,14,3,15,44,12,33
gene_01959,34,68,28,24,103,51,44,59,51,57
gene_01960,109,81,48,73,49,24,59,66,66,60
gene_01961,3,12,2,13,6,11,6,9,16,4
gene_01962,9,8,8,7,18,11,15,18,11,13
gene_01963,161,103,84,104,157,116,38,85,100,157
gene_01964,78,89,93,36,58,65,43,190,105,138
gene_01965,11,9,11,6,13,10,12,13,10,13
gene_01966,10,5,10,8,7,12,22,28,8,20
gene_01967,10,18,6,20,14,8,7,20,16,21
gene_01968,21,11,4,10,5,18,10,17,3,14
gene_01969,6,10,5,6,13,2,4,17,3,5
gene_01970,49,29,10,22,24,50,54,66,39,40
gene_01971,8,12,5,3,11,1,2,2,5,14
gene_01972,8,11,3,10,10,8,5,7,7,13
gene_01973,76,77,33,61,55,53,43,72,38,72
gene_01974,17,8,8,14,13,11,7,7,12,25
gene_01975,32,16,16,17,30,18,18,20,21,12
gene_01976,53,51,59,34,57,22,23,40,21,48
gene_01977,36,59,34,58,58,31,42,74,46,42
gene_01978,21,21,16,15,10,18,8,3,10,19
gene_01979,25,11,9,14,41,17,21,25,23,33
gene_01980,9,31,6,7,7,11,2,13,13,12
gene_01981,124,151,59,86,217,86,100,195,115,113
gene_01982,54,42,14,29,42,18,7,27,10,9
gene_01983,8,11,5,5,18,2,6,21,4,5
gene_01984,16,16,25,22,17,36,25,31,35,17
gene_01985,82,47,25,31,53,90,40,49,25,44
gene_01986,36,44,44,16,21,49,19,32,28,61
gene_01987,159,197,67,58,88,210,111,192,70,191
gene_01988,102,149,63,67,129,14,38,19,18,32
gene_01989,9,11,9,15,6,2,12,7,6,17
gene_01990,38,29,9,18,10,30,13,26,14,30
gene_01991,4,7,7,8,3,7,6,8,2,11
gene_01992,23,29,22,33,12,36,27,32,44,39
gene_01993,44,31,10,28,44,73,98,110,60,180
gene_01994,475,323,512,264,270,271,116,370,214,346
gene_01995,40,38,32,8,39,27,25,45,25,22
gene_01996,3,2,3,1,2,4,4,5,4,1
gene_01997,18,19,16,15,18,12,6,17,22,25
gene_01998,20,18,16,8,20,17,27,22,15,35
gene_01999,2,12,1,6,3,18,40,49,46,25
gene_02000,12,10,9,18,16,7,9,14,14,5
